,n_genes_by_counts,total_counts,pct_counts_mt,pct_counts_ribo,low_quality
D175_AAACGCTTCGGAGCAA,849,2912.9458,0.0,0.0,False
D175_AAAGGATCAAATCCCA,3600,5639.6226,0.0,0.0,False
D175_AAAGTCCTCGCATTAG,910,3087.5754,0.0,0.0,False
D175_AACACACTCCGCACGA,1041,3328.7263,0.0,0.0,False
D175_AACCATGCAACTGCCG,1368,3769.2224,0.0,0.0,False
D175_AACTTCTGTCGGTGTC,1035,3337.4858,0.0,0.0,False
D175_AAGCATCCACTCTGCT,2026,4545.3564,0.0,0.0,False
D175_AAGCGTTAGATAGTCA,891,3023.8325,0.0,0.0,False
D175_AATTTCCGTAGTCGTT,1012,3209.2502,0.0,0.0,False
D175_ACACGCGAGTCATAGA,1014,3274.9934,0.0,0.0,False
D175_ACATGCAAGAATCGCG,1767,4248.8716,0.0,0.0,False
D175_ACCACAATCACTGTCC,2510,4975.8105,0.0,0.0,False
D175_ACCGTTCTCCTTCTTC,2175,4803.3696,0.0,0.0,False
D175_ACGATCAGTAACATAG,879,2989.2542,0.0,0.0,False
D175_ACGGAAGCAACCGCCA,1982,4482.2544,0.0,0.0,False
D175_ACGGAAGTCCCTATTA,969,3247.3267,0.0,0.0,False
D175_ACTACGAGTAGGGTAC,1990,4393.9985,0.0,0.0,False
D175_ACTCTCGTCAAACCTG,2035,4679.4814,0.0,0.0,False
D175_ACTGTGAAGGTCCCTG,1538,4025.1,0.0,0.0,False
D175_ACTTCGCCACCGGAAA,1950,4442.74,0.0,0.0,False
D175_ACTTTGTGTTTCGTGA,932,3131.5046,0.0,0.0,False
D175_AGATGCTTCGAATCCA,1311,3674.977,0.0,0.0,False
D175_AGCATCAGTTCATCGA,1604,4054.2,0.0,0.0,False
D175_AGCCACGCAGTGTGCC,870,2868.2368,0.0,0.0,False
D175_AGCGCCAGTCGGAAAC,2317,4859.477,0.0,0.0,False
D175_AGGCCACAGGACGGAG,1493,4128.8154,0.0,0.0,False
D175_AGGTAGGTCTGTCCCA,2595,4831.6523,0.0,0.0,False
D175_AGGTCATTCATGAGTC,2497,4930.2856,0.0,0.0,False
D175_AGGTCATTCTATCACT,1316,3565.296,0.0,0.0,False
D175_AGTACTGGTCATACCA,1081,3404.3047,0.0,0.0,False
D175_ATCACAGCACATGGTT,1980,4465.784,0.0,0.0,False
D175_ATCACAGGTACCAATC,3083,5268.6113,0.0,0.0,False
D175_ATCACGACACAGCTGC,731,2735.1604,0.0,0.0,False
D175_ATCCACCAGAACAAGG,1085,3420.489,0.0,0.0,False
D175_ATCCATTGTCCCAAAT,2184,4452.841,0.0,0.0,False
D175_ATCCTATGTGGACAGT,1623,4117.454,0.0,0.0,False
D175_ATCGATGGTGTAGGAC,2574,4929.509,0.0,0.0,False
D175_ATCGCCTAGTATTGCC,817,2824.0679,0.0,0.0,False
D175_ATCGGATCAGAACTTC,2116,4638.0396,0.0,0.0,False
D175_ATCGTAGAGGTGCCAA,1591,4150.4746,0.0,0.0,False
D175_ATCGTCCCATTGACAC,886,2981.811,0.0,0.0,False
D175_ATGAGTCTCGTAACCA,1393,3892.0366,0.0,0.0,False
D175_ATGGGAGCAAGTGATA,854,2856.9727,0.0,0.0,False
D175_ATGGGTTAGGGAGGAC,760,2806.0093,0.0,0.0,False
D175_ATGGGTTGTAGGACTG,996,3193.298,0.0,0.0,False
D175_ATGTCCCGTAGCCAGA,1360,3816.026,0.0,0.0,False
D175_ATTATCCGTTGCTCAA,1672,4040.3364,0.0,0.0,False
D175_ATTCAGGTCATGAGAA,2142,4620.073,0.0,0.0,False
D175_ATTCATCCAACAGCTT,1020,3290.9927,0.0,0.0,False
D175_ATTGGGTAGCACTCGC,1286,3636.7625,0.0,0.0,False
D175_ATTGGGTCATTGTCGA,1209,3581.7395,0.0,0.0,False
D175_CAAAGAAAGACTACGG,1456,3859.262,0.0,0.0,False
D175_CAAGACTTCTCGGTAA,1258,3738.6697,0.0,0.0,False
D175_CAATACGGTGATTCTG,947,3172.9575,0.0,0.0,False
D175_CACACAATCATCGGGC,2402,4764.671,0.0,0.0,False
D175_CACCAAATCATCTACT,2925,5233.746,0.0,0.0,False
D175_CAGATCATCGACGATT,1092,3457.4058,0.0,0.0,False
D175_CAGATCATCTTCGACC,1080,3449.8926,0.0,0.0,False
D175_CAGCCAGTCCATTGCC,2130,4557.9688,0.0,0.0,False
D175_CAGGTATCACTAACCA,561,2049.9712,0.0,0.0,False
D175_CAGGTATTCCCTTCCC,1244,3653.1125,0.0,0.0,False
D175_CATAGACCAATAGAGT,1911,4456.3906,0.0,0.0,False
D175_CATCGGGAGGATACGC,1600,4125.85,0.0,0.0,False
D175_CATCGTCTCGAAGTGG,1808,4396.7866,0.0,0.0,False
D175_CATGCTCCACAGCCTG,1734,4226.832,0.0,0.0,False
D175_CATTGAGCAAAGGGCT,2845,5119.276,0.0,0.0,False
D175_CCAAGCGGTACTGAGG,1322,3771.2388,0.0,0.0,False
D175_CCACTTGAGTTTCTTC,1308,3739.6882,0.0,0.0,False
D175_CCCATTGAGAGTCCGA,2209,4899.244,0.0,0.0,False
D175_CCCGGAAAGGAATGTT,1327,3866.3682,0.0,0.0,False
D175_CCCTCTCAGAAGTCTA,2383,5010.2803,0.0,0.0,False
D175_CCCTGATTCCTTGACC,3133,5246.637,0.0,0.0,False
D175_CCGGACAAGCCGTAAG,2579,4811.8706,0.0,0.0,False
D175_CCTCAACGTTTCCAAG,858,2952.1746,0.0,0.0,False
D175_CCTCCAATCATAGGCT,1046,3341.9214,0.0,0.0,False
D175_CCTCTCCTCCACTAGA,1447,3982.2888,0.0,0.0,False
D175_CCTGCATAGAGAGTTT,1010,3310.977,0.0,0.0,False
D175_CCTGTTGTCGCTATTT,2130,4586.294,0.0,0.0,False
D175_CGAGTGCAGGCTGTAG,592,2398.94,0.0,0.0,False
D175_CGCCAGAGTATCAGGG,1276,3740.732,0.0,0.0,False
D175_CGGAACCCAACTCCAA,2238,4756.335,0.0,0.0,False
D175_CGGAATTGTATGAGCG,2213,4890.387,0.0,0.0,False
D175_CGGAGAACAGATCACT,2333,4840.9854,0.0,0.0,False
D175_CGGGACTGTATCGTAC,947,3178.897,0.0,0.0,False
D175_CGGGCATGTTAACCTG,1054,3327.9045,0.0,0.0,False
D175_CGGGTGTGTCTACTGA,992,3288.816,0.0,0.0,False
D175_CTAACCCTCCTTTAGT,903,3016.0747,0.0,0.0,False
D175_CTACGGGAGTATGAAC,1162,3541.5132,0.0,0.0,False
D175_CTACGGGTCGACCTAA,1241,3560.9072,0.0,0.0,False
D175_CTATCTAAGAGCCTGA,1029,3336.619,0.0,0.0,False
D175_CTCAAGATCGTTTACT,1546,4075.2317,0.0,0.0,False
D175_CTCAATTCAAGTTTGC,1315,3787.2166,0.0,0.0,False
D175_CTCAGGGCAGTGTGCC,1180,3380.0906,0.0,0.0,False
D175_CTCAGGGGTCGTACAT,1560,4086.2402,0.0,0.0,False
D175_CTCAGTCAGCATTTGC,1184,3598.2332,0.0,0.0,False
D175_CTCCGATTCTATACTC,951,3199.2532,0.0,0.0,False
D175_CTCCTTTCAACTCATG,3471,5118.7197,0.0,0.0,False
D175_CTCGAGGCATAGAAAC,1338,3851.5261,0.0,0.0,False
D175_CTGCCTAGTCTTTCAT,969,3207.9749,0.0,0.0,False
D175_CTGTGAACAAGTGCAG,527,2153.9043,0.0,0.0,False
D175_CTGTGGGTCAAACCCA,684,2633.5276,0.0,0.0,False
D175_CTTAGGATCCGTGACG,3279,5354.4307,0.0,0.0,False
D175_CTTCTAACATCCTCAC,3058,5176.271,0.0,0.0,False
D175_CTTCTAATCGGATAAA,2201,4672.8286,0.0,0.0,False
D175_CTTGAGAGTACGTACT,597,2419.2256,0.0,0.0,False
D175_CTTTCGGGTGGTCTGC,1069,3310.2988,0.0,0.0,False
D175_GAAATGAAGGGAGGCA,1417,3922.474,0.0,0.0,False
D175_GAATCGTAGGACTAAT,1039,3327.0786,0.0,0.0,False
D175_GACATCATCCGCACGA,967,2944.7725,0.0,0.0,False
D175_GACCGTGAGGCATGCA,860,2943.6665,0.0,0.0,False
D175_GACCGTGTCGGCAGTC,1823,4417.007,0.0,0.0,False
D175_GACCTTCTCACGGGAA,1151,3520.1213,0.0,0.0,False
D175_GACTTCCGTCACTCGG,2236,4818.708,0.0,0.0,False
D175_GAGACCCTCCGTCACT,2213,4742.977,0.0,0.0,False
D175_GAGACTTGTAAGATAC,858,2948.9414,0.0,0.0,False
D175_GAGGGTAAGCTGCCTG,932,3164.1807,0.0,0.0,False
D175_GAGTTGTTCGATTGGT,1298,3758.5762,0.0,0.0,False
D175_GATGACTGTGTCCATA,1338,3716.6086,0.0,0.0,False
D175_GATTCTTTCACCCTTG,1853,4355.585,0.0,0.0,False
D175_GATTGGTAGGAAGTGA,2588,4961.5703,0.0,0.0,False
D175_GATTTCTGTCGCTTGG,1316,3778.8198,0.0,0.0,False
D175_GCATGATCACCTTCCA,864,2974.504,0.0,0.0,False
D175_GCCAGTGTCTAGGCCG,1317,3839.8767,0.0,0.0,False
D175_GCCCGAAGTGCATGTT,1130,3473.0674,0.0,0.0,False
D175_GCCCGAATCATACGGT,1671,4200.751,0.0,0.0,False
D175_GCCCGAATCTTTGCTA,1144,3314.6108,0.0,0.0,False
D175_GCCTGTTGTACAGTAA,2863,5022.6377,0.0,0.0,False
D175_GCTCAAACAGGATCTT,1934,4564.643,0.0,0.0,False
D175_GCTGAATGTCCAGTTA,2067,4570.5195,0.0,0.0,False
D175_GCTGCAGCATGTGCTA,919,3100.9648,0.0,0.0,False
D175_GGAGCAATCTGCTCTG,1479,3938.198,0.0,0.0,False
D175_GGGAAGTTCAGTGTGT,732,2756.9407,0.0,0.0,False
D175_GGGATCCCAGGCCCTA,2562,4954.781,0.0,0.0,False
D175_GGGTATTTCACTGGTA,2410,4847.537,0.0,0.0,False
D175_GGGTGTCGTTTGATCG,959,3196.8887,0.0,0.0,False
D175_GGGTTATAGAGTATAC,2620,4865.936,0.0,0.0,False
D175_GGTAGAGCATGGGAAC,1167,3694.9622,0.0,0.0,False
D175_GGTAGAGTCAGGAAAT,1043,3351.314,0.0,0.0,False
D175_GGTCACGAGAAGAGCA,1355,3814.586,0.0,0.0,False
D175_GTAGAGGCAGCTGTTA,3033,5332.432,0.0,0.0,False
D175_GTATTGGGTTGCATGT,3119,5212.1377,0.0,0.0,False
D175_GTCTCACGTGCTGATT,2310,4799.824,0.0,0.0,False
D175_GTCTGTCGTCAATCTG,953,3139.1504,0.0,0.0,False
D175_GTGAGGAGTACAAGCG,1344,3931.7048,0.0,0.0,False
D175_GTGCACGCAGTGGGTA,1348,3832.2083,0.0,0.0,False
D175_GTGTTAGTCCTAAACG,1671,4160.513,0.0,0.0,False
D175_GTTATGGTCCTCTGCA,932,3075.135,0.0,0.0,False
D175_GTTCATTTCAAGCCCG,3140,5220.0767,0.0,0.0,False
D175_GTTGTCCAGTCACACT,1736,4179.9067,0.0,0.0,False
D175_TAACCAGAGATTCGCT,881,2983.6401,0.0,0.0,False
D175_TACATTCTCCGACGGT,3280,5092.411,0.0,0.0,False
D175_TACGTCCGTACGTGAG,2496,4960.732,0.0,0.0,False
D175_TAGGAGGCAGCTCGGT,641,2525.3716,0.0,0.0,False
D175_TAGGAGGCATCCGGCA,1234,3619.0376,0.0,0.0,False
D175_TAGGTACTCCTATTGT,1605,4154.646,0.0,0.0,False
D175_TATCGCCCAGAGGCAT,835,2914.4734,0.0,0.0,False
D175_TATTCCAAGACATACA,959,3195.4695,0.0,0.0,False
D175_TCAAGTGTCGACCCAG,1026,3164.244,0.0,0.0,False
D175_TCAATTCTCTCGTGAA,2320,4805.1475,0.0,0.0,False
D175_TCACACCCACCGCTGA,2150,4721.7974,0.0,0.0,False
D175_TCAGGTACACGAGGAT,1625,4247.091,0.0,0.0,False
D175_TCAGGTAGTACAGAAT,1561,4054.7654,0.0,0.0,False
D175_TCATATCAGCGCTGCT,2998,5321.3833,0.0,0.0,False
D175_TCATCATCACAAGCTT,1804,3997.9487,0.0,0.0,False
D175_TCATCCGCATGTTCAG,2692,4968.978,0.0,0.0,False
D175_TCATGTTCAATCACGT,1288,3722.6187,0.0,0.0,False
D175_TCATTCAAGTGCTAGG,1020,3313.203,0.0,0.0,False
D175_TCATTCAGTTCGAAGG,1134,3513.573,0.0,0.0,False
D175_TCATTGTCACATGAAA,817,2763.7993,0.0,0.0,False
D175_TCCACCATCGCGCTGA,1419,3851.2227,0.0,0.0,False
D175_TCCACGTCAACCACGC,2801,4869.53,0.0,0.0,False
D175_TCCAGAAGTCATTGCA,2104,4546.3896,0.0,0.0,False
D175_TCCATGCAGAATGTTG,1293,3722.4463,0.0,0.0,False
D175_TCCCATGCATTAGGCT,1171,3459.3906,0.0,0.0,False
D175_TCCGATCCATGACTTG,2448,4762.024,0.0,0.0,False
D175_TCCGGGACACCTTCCA,2517,5074.257,0.0,0.0,False
D175_TCCTTCTGTATGCTTG,1202,3595.4016,0.0,0.0,False
D175_TCCTTTCGTAGCTGCC,3075,5175.2876,0.0,0.0,False
D175_TCGCAGGTCTGGTCAA,1448,3934.5032,0.0,0.0,False
D175_TCGGGTGCAAATGAGT,1501,4023.6995,0.0,0.0,False
D175_TCGTCCAGTACGAGCA,574,2337.983,0.0,0.0,False
D175_TCTACCGAGGTTAGTA,1707,4300.0884,0.0,0.0,False
D175_TCTCAGCGTGGATACG,885,3006.4426,0.0,0.0,False
D175_TCTCCGAGTCGAGCTC,1609,4121.824,0.0,0.0,False
D175_TCTTAGTTCGGTGTTA,2570,4840.9736,0.0,0.0,False
D175_TGAACGTAGCCAAGGT,1293,3746.3904,0.0,0.0,False
D175_TGAACGTGTGTCCATA,2906,5152.029,0.0,0.0,False
D175_TGACAGTAGTAACGTA,1110,3456.7793,0.0,0.0,False
D175_TGATGGTAGCGCCATC,1940,4398.868,0.0,0.0,False
D175_TGATGGTCAATGCAGG,1838,4316.333,0.0,0.0,False
D175_TGCACGGAGGACTATA,1990,4562.743,0.0,0.0,False
D175_TGCGGGTGTATGGTAA,1898,4442.85,0.0,0.0,False
D175_TGCTTCGAGTAGGAAG,971,3156.5903,0.0,0.0,False
D175_TGCTTGCGTACATTGC,1277,3691.63,0.0,0.0,False
D175_TGGATGTTCGTCTACC,1778,4342.1514,0.0,0.0,False
D175_TGGCGTGTCGTAGTGT,1164,3590.7583,0.0,0.0,False
D175_TGGTTAGAGCAGCCCT,1083,3431.6975,0.0,0.0,False
D175_TGTGATGTCTAGATCG,2393,4995.22,0.0,0.0,False
D175_TGTGCGGAGGAAACGA,1688,4379.773,0.0,0.0,False
D175_TGTTACTGTGCCTACG,944,3027.9204,0.0,0.0,False
D175_TGTTGAGTCGAAACAA,947,3166.9448,0.0,0.0,False
D175_TGTTTGTGTGTCCCTT,663,2581.9421,0.0,0.0,False
D175_TTACCATCAGACCAAG,2178,4781.472,0.0,0.0,False
D175_TTACCGCAGAGAGCGG,577,2352.1145,0.0,0.0,False
D175_TTAGGCAGTCTGTCAA,925,3020.3828,0.0,0.0,False
D175_TTCAGGAGTTCTCCAC,1010,3207.475,0.0,0.0,False
D175_TTCAGGATCCACGTAA,1590,4148.183,0.0,0.0,False
D175_TTCATGTAGCGCCTAC,1065,3335.3308,0.0,0.0,False
D175_TTCCGGTTCGGTGTAT,1903,4422.6045,0.0,0.0,False
D175_TTCTAGTTCTGACAGT,1576,4008.995,0.0,0.0,False
D175_TTGACCCGTCGTTCAA,1085,3309.2712,0.0,0.0,False
D175_TTGGATGTCTAAACGC,1028,3181.9863,0.0,0.0,False
D175_TTGGGATGTGCCTGCA,906,3049.5776,0.0,0.0,False
D175_TTGGGTACAACGAGGT,830,2933.0862,0.0,0.0,False
D175_TTGTTGTTCACTTGTT,2693,4974.708,0.0,0.0,False
D175_TTTACGTAGCAGAAAG,859,2910.0444,0.0,0.0,False
D175_TTTGACTGTCGCTCGA,1799,4374.321,0.0,0.0,False
D175_TTTGTTGGTCTTCCGT,528,2229.2573,0.0,0.0,False
D175_AACCAACAGCACTCTA,1771,4323.495,0.0,0.0,False
D175_AACGTCAGTAATTAGG,1086,3411.0054,0.0,0.0,False
D175_AAGGAATCACTAACCA,626,2497.4666,0.0,0.0,False
D175_AAGTACCCACCCAACG,3565,5358.6157,0.0,0.0,False
D175_AAGTTCGGTAGAGACC,2132,4539.9673,0.0,0.0,False
D175_AATCACGAGCGACTTT,1708,4067.76,0.0,0.0,False
D175_AATCGACCAGTTTGGT,1217,3609.36,0.0,0.0,False
D175_AATGAAGCACGAGGTA,872,3063.8962,0.0,0.0,False
D175_AATGAAGGTTAGGGAC,952,3169.5754,0.0,0.0,False
D175_AATTCCTAGCACTCTA,1319,3699.4907,0.0,0.0,False
D175_ACACCAACACCTGATA,2073,4639.024,0.0,0.0,False
D175_ACACCAAGTTAAGCAA,1318,3812.2742,0.0,0.0,False
D175_ACACGCGTCGCTCTAC,1699,4322.659,0.0,0.0,False
D175_ACACTGAAGACCAAAT,2215,4738.056,0.0,0.0,False
D175_ACATGCATCGAATGCT,2229,4619.6074,0.0,0.0,False
D175_ACATTTCGTGCCGGTT,1108,3426.3445,0.0,0.0,False
D175_ACCACAAGTAGGAAAG,757,2657.6448,0.0,0.0,False
D175_ACCACAAGTTCCGGTG,1278,3677.0327,0.0,0.0,False
D175_ACCATTTAGAGGGCGA,1054,3363.7993,0.0,0.0,False
D175_ACCCTTGCATATGCGT,1915,4504.934,0.0,0.0,False
D175_ACCGTTCTCCCGTGTT,1485,3914.5256,0.0,0.0,False
D175_ACCTGTCCATGGCCCA,1536,3950.9155,0.0,0.0,False
D175_ACGATCATCTTTCGAT,1648,4119.7324,0.0,0.0,False
D175_ACGGAAGGTAGGCTGA,992,3268.8508,0.0,0.0,False
D175_ACGGAAGGTCAGTCTA,932,3090.1562,0.0,0.0,False
D175_ACTATCTAGCAAGCCA,2076,4662.221,0.0,0.0,False
D175_ACTATTCAGAAAGTCT,1830,4417.527,0.0,0.0,False
D175_ACTCTCGCAACTCGTA,2387,4815.4756,0.0,0.0,False
D175_ACTGTGAAGCCTCTCT,1575,3898.0496,0.0,0.0,False
D175_ACTTTCATCTGAGAGG,868,2591.1443,0.0,0.0,False
D175_AGAAGTAAGGCGCTTC,1801,4351.2534,0.0,0.0,False
D175_AGACCATGTATAGGGC,1330,3740.0461,0.0,0.0,False
D175_AGAGAATCAACTCCCT,2935,5222.425,0.0,0.0,False
D175_AGAGAGCAGGTTGGTG,1268,3663.1873,0.0,0.0,False
D175_AGATAGATCATGGTAC,2573,5038.7812,0.0,0.0,False
D175_AGATGAATCAAAGCCT,1142,3497.7214,0.0,0.0,False
D175_AGCCACGCATCGGAAG,1872,4273.9663,0.0,0.0,False
D175_AGCCAGCCATGTGCCG,1010,3272.3467,0.0,0.0,False
D175_AGGAATACAAACTAAG,3810,5897.0103,0.0,0.0,False
D175_AGGATCTTCTGCTTTA,1312,3712.2766,0.0,0.0,False
D175_AGGCATTGTACTCGCG,1363,3893.6487,0.0,0.0,False
D175_AGGGCCTTCAACGAGG,2482,4907.3677,0.0,0.0,False
D175_AGGTGTTAGCGATGAC,2294,4863.9873,0.0,0.0,False
D175_AGTAACCCAACGGTAG,1542,4039.653,0.0,0.0,False
D175_AGTACCACAATTTCGG,547,2295.9465,0.0,0.0,False
D175_AGTCATGCACAGCTGC,1183,3590.6611,0.0,0.0,False
D175_AGTGACTGTCACAGAG,1493,3903.0613,0.0,0.0,False
D175_AGTGATCAGCATACTC,3471,5426.84,0.0,0.0,False
D175_ATACCGAAGTCAGCCC,1043,3311.7476,0.0,0.0,False
D175_ATAGAGATCTCCTGTG,1098,3266.244,0.0,0.0,False
D175_ATCACGATCATCTGTT,1819,4386.384,0.0,0.0,False
D175_ATCACTTTCGTTCATT,1340,3650.9363,0.0,0.0,False
D175_ATCAGGTGTTATAGAG,3942,5561.1714,0.0,0.0,False
D175_ATCCCTGGTGAAGCGT,2635,5042.1416,0.0,0.0,False
D175_ATCGATGAGAACTCCT,1025,3292.374,0.0,0.0,False
D175_ATCGCCTTCCACCTGT,1062,3349.0056,0.0,0.0,False
D175_ATCGTCCTCTATGCCC,3855,5793.321,0.0,0.0,False
D175_ATGAGGGGTGTAAACA,1181,3523.8,0.0,0.0,False
D175_ATGAGTCGTGCCGAAA,1763,4342.152,0.0,0.0,False
D175_ATGGAGGCAACGATCT,2190,4740.768,0.0,0.0,False
D175_ATGGATCTCCGCGAGT,876,2894.684,0.0,0.0,False
D175_ATGGATCTCGTTTACT,1874,4502.268,0.0,0.0,False
D175_ATTACTCAGGATGTTA,1465,3947.4622,0.0,0.0,False
D175_ATTCAGGGTTGGTACT,2034,4471.4385,0.0,0.0,False
D175_ATTTCTGGTGCTCTTC,2239,4752.7744,0.0,0.0,False
D175_CAACCAACACATTGTG,3849,5816.8994,0.0,0.0,False
D175_CAAGCTAAGAGTCAAT,2481,4979.015,0.0,0.0,False
D175_CAAGCTAGTTTCACAG,594,2177.9604,0.0,0.0,False
D175_CAATACGAGAGGTTTA,2864,5306.838,0.0,0.0,False
D175_CAATCGAAGCGTTCAT,2682,5026.5986,0.0,0.0,False
D175_CAATCGACATTACTCT,3199,5418.4897,0.0,0.0,False
D175_CACACAAGTCTGCGCA,515,1913.4606,0.0,0.0,False
D175_CACCAAACAGGTCCCA,2504,4896.024,0.0,0.0,False
D175_CACGAATGTAACACCT,2783,5078.25,0.0,0.0,False
D175_CACGGGTCAGGACATG,1046,3344.2363,0.0,0.0,False
D175_CACGGGTGTCGTTATG,957,3203.8118,0.0,0.0,False
D175_CACTGAATCCATGATG,3855,5461.0005,0.0,0.0,False
D175_CACTGGGAGGAACTCG,1758,4151.7793,0.0,0.0,False
D175_CACTGGGTCGTCAGAT,1564,4102.603,0.0,0.0,False
D175_CACTGTCCATGTTCGA,2070,4664.052,0.0,0.0,False
D175_CAGAGCCCAATCTGCA,2466,4973.03,0.0,0.0,False
D175_CATACAGCAAATCGGG,1836,4256.0693,0.0,0.0,False
D175_CATACCCAGCACTCGC,1225,3649.2727,0.0,0.0,False
D175_CATACCCTCTGAACGT,1348,3827.7603,0.0,0.0,False
D175_CATAGACCACAACATC,2278,4760.775,0.0,0.0,False
D175_CATGCAACACTTGAGT,2431,4976.3325,0.0,0.0,False
D175_CATGCGGGTCAGGCAA,2805,5221.3667,0.0,0.0,False
D175_CATTCCGGTTTACGAC,2050,4772.419,0.0,0.0,False
D175_CATTCCGTCAATGTCG,1808,4155.223,0.0,0.0,False
D175_CATTGCCCAATCTGCA,1306,3683.7878,0.0,0.0,False
D175_CATTGCCCATTCATCT,589,2137.051,0.0,0.0,False
D175_CCAATTTTCTGATGGT,3378,5390.8306,0.0,0.0,False
D175_CCACGTTCAGGGCTTC,1176,3602.3303,0.0,0.0,False
D175_CCACTTGGTACGTACT,1087,3429.3457,0.0,0.0,False
D175_CCATCACGTGTTCGAT,2895,5250.9517,0.0,0.0,False
D175_CCCATTGTCCGTCAAA,1079,3398.3098,0.0,0.0,False
D175_CCCGAAGGTACGAGTG,2971,5359.543,0.0,0.0,False
D175_CCCTAACCAAATGAGT,1741,4311.136,0.0,0.0,False
D175_CCGATCTAGAGGATCC,1695,4299.041,0.0,0.0,False
D175_CCGATCTGTCCGGATC,3425,5391.906,0.0,0.0,False
D175_CCGGTAGGTGAGTAGC,1886,4524.4155,0.0,0.0,False
D175_CCGTAGGAGTAGGCCA,1622,4169.8936,0.0,0.0,False
D175_CCGTAGGCAGACCCGT,2367,4769.4673,0.0,0.0,False
D175_CCGTTCACAGGTGTTT,2584,4885.005,0.0,0.0,False
D175_CCTAACCCAAGTTCGT,1886,4474.726,0.0,0.0,False
D175_CCTCTCCTCGCCTTGT,2480,4994.8896,0.0,0.0,False
D175_CGAAGGAAGGGAGGCA,2514,5044.412,0.0,0.0,False
D175_CGAAGGAAGTTTGGCT,2183,4792.6885,0.0,0.0,False
D175_CGAGAAGAGAGAAGGT,3200,5326.66,0.0,0.0,False
D175_CGAGTTAGTTACAGCT,2828,5160.17,0.0,0.0,False
D175_CGATGCGCACCGGCTA,3440,5496.484,0.0,0.0,False
D175_CGCCAGACAGACCAAG,2164,4719.1597,0.0,0.0,False
D175_CGCCATTAGGTGAGCT,1138,3455.4053,0.0,0.0,False
D175_CGGGTGTCATTATGCG,1167,3476.103,0.0,0.0,False
D175_CGTAATGAGGTGGTTG,699,2382.6812,0.0,0.0,False
D175_CGTGATAGTTACACAC,1570,3966.5857,0.0,0.0,False
D175_CGTTCTGAGTACAACA,938,3022.4395,0.0,0.0,False
D175_CTAACTTCAGGGTCTC,844,2980.6104,0.0,0.0,False
D175_CTAACTTGTCGACGCT,1977,4425.3896,0.0,0.0,False
D175_CTAAGTGGTTAAACCC,587,2083.5586,0.0,0.0,False
D175_CTACCTGTCAGTCCGG,1056,3328.1272,0.0,0.0,False
D175_CTCACTGGTTATGTCG,2195,4853.973,0.0,0.0,False
D175_CTCAGTCAGGTCGACA,734,2745.37,0.0,0.0,False
D175_CTCCAACAGGGTAATT,846,2863.8037,0.0,0.0,False
D175_CTCCACAGTACAAACA,2489,4816.945,0.0,0.0,False
D175_CTCCATGTCCACAAGT,1328,3622.958,0.0,0.0,False
D175_CTCCCAAAGTCAGGGT,1237,3622.701,0.0,0.0,False
D175_CTCCCTCCAAGGTTGG,1333,3737.8086,0.0,0.0,False
D175_CTCCCTCCAAGTGACG,1645,4070.9268,0.0,0.0,False
D175_CTCCCTCGTTGTAAAG,1605,4163.6904,0.0,0.0,False
D175_CTCCCTCGTTTGGAGG,2324,4756.207,0.0,0.0,False
D175_CTCCTTTTCCGTCACT,1941,4407.6455,0.0,0.0,False
D175_CTCGAGGGTGGATTTC,2450,5008.4565,0.0,0.0,False
D175_CTCTCGACACTTTATC,1271,3676.961,0.0,0.0,False
D175_CTCTCGACAGGAGGTT,1941,4468.017,0.0,0.0,False
D175_CTGAATGAGTGAATAC,2620,5088.069,0.0,0.0,False
D175_CTGAGCGGTCGACGCT,3005,5323.1636,0.0,0.0,False
D175_CTGCAGGAGAGTTCGG,2165,4689.039,0.0,0.0,False
D175_CTGCCTAGTTGGCTAT,2737,5175.1797,0.0,0.0,False
D175_CTGCGAGAGTTGAAGT,2207,4506.766,0.0,0.0,False
D175_CTGCTCAAGTGTACCT,1014,3242.2107,0.0,0.0,False
D175_CTGGACGCAGACGGAT,2702,5115.852,0.0,0.0,False
D175_CTGTACCTCAGGAGAC,1301,3710.3916,0.0,0.0,False
D175_CTGTCGTTCTACCACC,958,3052.5325,0.0,0.0,False
D175_CTTCAATGTTCTTGTT,3258,5449.157,0.0,0.0,False
D175_CTTCGGTGTCAGTCTA,2145,4772.255,0.0,0.0,False
D175_CTTCTAAAGCACGGAT,1201,3626.542,0.0,0.0,False
D175_CTTCTCTCAGCACCCA,1969,4358.355,0.0,0.0,False
D175_CTTGAGACAGGACAGT,1991,4505.189,0.0,0.0,False
D175_CTTGAGATCCGATGCG,837,2975.3562,0.0,0.0,False
D175_CTTTCAATCCGAAATC,513,2191.237,0.0,0.0,False
D175_GAAATGATCCCAGGAC,1196,3576.0989,0.0,0.0,False
D175_GAAGAATAGCTTTCTT,936,3125.2417,0.0,0.0,False
D175_GAATCACGTAGCTGTT,2709,4992.5225,0.0,0.0,False
D175_GACACGCCAGGAACCA,1414,3755.5408,0.0,0.0,False
D175_GACAGCCTCCTCGCAT,1019,3258.4612,0.0,0.0,False
D175_GACCCAGCAGCACGAA,1701,4307.029,0.0,0.0,False
D175_GACCCTTAGTAGAATC,3821,5491.6187,0.0,0.0,False
D175_GACCTTCCACCACTGG,1484,4023.1206,0.0,0.0,False
D175_GAGAAATCAACCACAT,1809,4311.7134,0.0,0.0,False
D175_GAGAGGTAGCCATGCC,1745,4339.002,0.0,0.0,False
D175_GAGCCTGGTCAAAGTA,2103,4720.92,0.0,0.0,False
D175_GAGCTGCAGCCTGGAA,2648,5075.2505,0.0,0.0,False
D175_GAGGCAATCTCGGTAA,1116,3454.8584,0.0,0.0,False
D175_GAGTCTAAGCGACAGT,1855,4424.827,0.0,0.0,False
D175_GATAGCTCACATATGC,2825,5032.3115,0.0,0.0,False
D175_GATCAGTCAAAGCAAT,2834,5196.4634,0.0,0.0,False
D175_GATGAGGCACCATATG,836,2799.9612,0.0,0.0,False
D175_GATGCTAGTCATCACA,1825,4355.851,0.0,0.0,False
D175_GCAACATCACCCTATC,1902,4392.069,0.0,0.0,False
D175_GCAACATCATCGAGCC,2628,5055.3843,0.0,0.0,False
D175_GCACGTGCAACCCGCA,1419,3968.309,0.0,0.0,False
D175_GCACGTGGTGACTAAA,1303,3764.3616,0.0,0.0,False
D175_GCACTAATCTCCGAGG,1287,3557.3062,0.0,0.0,False
D175_GCAGTTAAGTAGGAAG,1583,4169.6294,0.0,0.0,False
D175_GCAGTTATCCTAGAGT,1234,3605.414,0.0,0.0,False
D175_GCAGTTATCTATCGGA,2349,4865.5264,0.0,0.0,False
D175_GCATTAGGTTGGGACA,923,3017.7664,0.0,0.0,False
D175_GCCAACGTCCATAGGT,2262,4859.0576,0.0,0.0,False
D175_GCCAGCATCAACCTTT,2133,4831.1934,0.0,0.0,False
D175_GCCAGCATCCTGCCAT,1354,3679.2693,0.0,0.0,False
D175_GCCAGTGAGGATACGC,1255,3652.9536,0.0,0.0,False
D175_GCCATTCGTATGTGTC,3219,5408.735,0.0,0.0,False
D175_GCCGTGAAGCTGCCTG,2052,4558.4395,0.0,0.0,False
D175_GCTTTCGTCTAGACCA,1050,3289.8298,0.0,0.0,False
D175_GGAACCCTCGCTCATC,2445,4954.7573,0.0,0.0,False
D175_GGAAGTGAGGCTCTAT,1555,3712.648,0.0,0.0,False
D175_GGAAGTGCACGCTTAA,1866,4399.671,0.0,0.0,False
D175_GGAATGGGTTATAGCC,839,2850.1023,0.0,0.0,False
D175_GGACGTCTCAAGTCTG,1220,3631.0984,0.0,0.0,False
D175_GGAGCAAGTCTAATCG,2473,5068.496,0.0,0.0,False
D175_GGAGGATAGGTCGTCC,1509,3997.3596,0.0,0.0,False
D175_GGAGGTACATCCTCAC,2738,4965.159,0.0,0.0,False
D175_GGATGTTCAGGCTTGC,1053,3362.2827,0.0,0.0,False
D175_GGCAGTCTCGAAATCC,2172,4772.615,0.0,0.0,False
D175_GGCTTTCTCCCTGTTG,1009,3174.9258,0.0,0.0,False
D175_GGGAAGTAGTTCATCG,989,3215.6748,0.0,0.0,False
D175_GGGACAAAGAGATTCA,1523,3976.4246,0.0,0.0,False
D175_GGGACCTTCTCGTCAC,1907,4381.541,0.0,0.0,False
D175_GGGAGATCACCGAATT,1856,4514.763,0.0,0.0,False
D175_GGGAGTAAGTGGTTCT,3389,5587.429,0.0,0.0,False
D175_GGGCGTTGTATTTCGG,1977,4504.498,0.0,0.0,False
D175_GGGCTACAGTCTTCCC,1517,3984.4534,0.0,0.0,False
D175_GGGTAGATCTACACAG,1670,4205.334,0.0,0.0,False
D175_GGGTCACTCGTTCCTG,1584,4207.1445,0.0,0.0,False
D175_GGGTTTAGTGTCTTCC,977,3202.3245,0.0,0.0,False
D175_GGTAACTGTGAAGCGT,641,2227.5112,0.0,0.0,False
D175_GGTAGAGTCGGTGAAG,1342,3810.2102,0.0,0.0,False
D175_GGTCACGTCCGGCAAC,1903,4303.4004,0.0,0.0,False
D175_GGTGATTAGGTCCTGC,2056,4691.4453,0.0,0.0,False
D175_GGTGGCTGTGTACAGG,2412,4909.6553,0.0,0.0,False
D175_GGTTAACTCATAGACC,2095,4650.1895,0.0,0.0,False
D175_GGTTGTACAGCGAGTA,969,3144.0747,0.0,0.0,False
D175_GTACAACCACAGCTTA,1767,4356.0464,0.0,0.0,False
D175_GTAGATCCAGTGGGTA,1723,4295.865,0.0,0.0,False
D175_GTAGCTAGTAGTTAGA,3465,5174.2515,0.0,0.0,False
D175_GTAGGTTCAGTTGCGC,3402,5390.786,0.0,0.0,False
D175_GTAGGTTTCTCTGACC,1389,3764.6575,0.0,0.0,False
D175_GTCAAACCAAGATGGC,1773,4248.0493,0.0,0.0,False
D175_GTCACTCTCACGATCA,1637,4117.3633,0.0,0.0,False
D175_GTCAGCGCAATAAGGT,2033,4590.5015,0.0,0.0,False
D175_GTCCACTCAGCAGTCC,1862,4340.259,0.0,0.0,False
D175_GTCCCATGTGGCACTC,972,2945.2383,0.0,0.0,False
D175_GTCGAATGTAAGAACT,1209,3644.8547,0.0,0.0,False
D175_GTCGTAAGTTTCGACA,1929,4503.7383,0.0,0.0,False
D175_GTCTAGACACGTTCGG,1283,3680.7166,0.0,0.0,False
D175_GTGACGCCATGCCGCA,798,2895.0544,0.0,0.0,False
D175_GTGCACGGTATGCGTT,2087,4571.499,0.0,0.0,False
D175_GTGCACGGTGTCCCTT,997,3135.9077,0.0,0.0,False
D175_GTGCTGGGTCCTACAA,2605,5144.804,0.0,0.0,False
D175_GTGGTTAAGGTAAGGA,556,2310.4783,0.0,0.0,False
D175_GTGTTAGAGGAACGTC,3054,5237.7163,0.0,0.0,False
D175_GTGTTCCTCAGAGCAG,1894,4353.152,0.0,0.0,False
D175_GTGTTCCTCGGTTAGT,968,3098.923,0.0,0.0,False
D175_GTTACCCCATGGAGAC,3645,5535.2715,0.0,0.0,False
D175_GTTACGACATCGATGT,1193,3559.8774,0.0,0.0,False
D175_GTTAGACCAGTTCCAA,1463,4072.9397,0.0,0.0,False
D175_GTTCGCTGTCGGTAAG,1009,3185.3767,0.0,0.0,False
D175_GTTCTATAGCGTGTCC,1122,3396.3323,0.0,0.0,False
D175_GTTGCGGTCTCGGGAC,738,2767.8257,0.0,0.0,False
D175_GTTGTAGGTGAACCGA,1482,3875.4192,0.0,0.0,False
D175_TAAGCGTGTCTGATAC,672,2609.5261,0.0,0.0,False
D175_TAAGCGTGTTACGATC,2601,4902.5625,0.0,0.0,False
D175_TACAACGGTTCGGTCG,1088,3453.7312,0.0,0.0,False
D175_TACAGGTTCTCGTCGT,2780,5088.7056,0.0,0.0,False
D175_TACCCACAGCCGTCGT,3365,5521.4404,0.0,0.0,False
D175_TACCTCGCACTTCAAG,1991,4488.991,0.0,0.0,False
D175_TACGCTCTCGGTCGAC,2120,4751.196,0.0,0.0,False
D175_TACTTGTCACGATTCA,1460,3862.0188,0.0,0.0,False
D175_TAGGAGGTCCGTGGGT,3260,5264.9116,0.0,0.0,False
D175_TATCCTACACTTCAAG,1140,3520.4531,0.0,0.0,False
D175_TATCCTATCACTGCTC,1267,3679.0059,0.0,0.0,False
D175_TATGTTCCACGTACAT,3497,5566.4253,0.0,0.0,False
D175_TATTTCGTCAGCTTGA,3807,5655.585,0.0,0.0,False
D175_TCAATTCAGGAAAGAC,1232,3438.9397,0.0,0.0,False
D175_TCACGCTTCTACAGGT,1570,4089.4585,0.0,0.0,False
D175_TCACTATAGCCTGGAA,2609,5076.468,0.0,0.0,False
D175_TCAGCAAAGCACCAGA,3831,5647.9233,0.0,0.0,False
D175_TCAGTTTCACAAAGTA,1106,3310.233,0.0,0.0,False
D175_TCAGTTTGTTAGTCGT,1513,3924.6123,0.0,0.0,False
D175_TCATATCAGGGTGGGA,1931,4486.461,0.0,0.0,False
D175_TCATGAGGTGCAAGAC,2515,4862.368,0.0,0.0,False
D175_TCCACCAAGGTTCCAT,1267,3694.7737,0.0,0.0,False
D175_TCCGGGATCTGCGGCA,999,3214.4807,0.0,0.0,False
D175_TCCTCTTTCTACTATC,1030,3279.772,0.0,0.0,False
D175_TCCTGCAAGTGCGCTC,1394,3899.9849,0.0,0.0,False
D175_TCGAACACAGTATGAA,1284,3718.204,0.0,0.0,False
D175_TCGAAGTCATGGATCT,1694,4238.6978,0.0,0.0,False
D175_TCGAAGTTCGGCAGTC,1081,3451.8801,0.0,0.0,False
D175_TCGACGGTCGTTAGAC,3206,5330.508,0.0,0.0,False
D175_TCGATTTAGGGACACT,3026,5175.8726,0.0,0.0,False
D175_TCGCTTGAGGAACTAT,1215,3579.41,0.0,0.0,False
D175_TCGGATACACTTCATT,970,3124.5117,0.0,0.0,False
D175_TCGGGCACACTTTATC,2001,4602.518,0.0,0.0,False
D175_TCGGGCATCCGCTGTT,2423,4792.732,0.0,0.0,False
D175_TCGTGCTCAGTAGAGC,2324,4936.8896,0.0,0.0,False
D175_TCTAACTAGTGGAATT,1091,3351.4583,0.0,0.0,False
D175_TCTTGCGGTCGTTCAA,1334,3797.6245,0.0,0.0,False
D175_TGAATCGCAGAATGTA,1018,3200.1274,0.0,0.0,False
D175_TGAATGCAGGACTAAT,1692,4187.8667,0.0,0.0,False
D175_TGAATGCGTAACGTTC,2091,4698.622,0.0,0.0,False
D175_TGACAGTTCCCATAGA,1916,4596.2954,0.0,0.0,False
D175_TGACTCCCATCTGGGC,1114,3412.3105,0.0,0.0,False
D175_TGATGCACAACTCGAT,1459,3738.8801,0.0,0.0,False
D175_TGATTTCAGTCTGGTT,1493,3979.3655,0.0,0.0,False
D175_TGCAGGCCAGAGATTA,1160,3546.6587,0.0,0.0,False
D175_TGCAGTACACCCAACG,1612,4175.4434,0.0,0.0,False
D175_TGCATCCTCACTTATC,1297,3714.5396,0.0,0.0,False
D175_TGCATGAGTCCTATAG,1293,3672.2593,0.0,0.0,False
D175_TGCCGAGCAAATGGAT,1809,4361.4287,0.0,0.0,False
D175_TGCCGAGCACGCAGTC,2385,4991.4805,0.0,0.0,False
D175_TGCGATATCCCTTGTG,988,3236.7358,0.0,0.0,False
D175_TGCTCCATCAAGGTGG,708,2706.5999,0.0,0.0,False
D175_TGCTCGTTCACATTGG,1314,3774.6477,0.0,0.0,False
D175_TGCTTGCAGCTTTCTT,1360,3831.0583,0.0,0.0,False
D175_TGCTTGCAGGGAACAA,3925,5863.773,0.0,0.0,False
D175_TGGAACTGTCTACGAT,1001,3266.618,0.0,0.0,False
D175_TGGATGTAGAGCCGAT,3093,5206.5557,0.0,0.0,False
D175_TGGCGTGAGTGATGGC,2011,4497.5386,0.0,0.0,False
D175_TGGGAAGCATTAGGCT,3035,5233.153,0.0,0.0,False
D175_TGGGAAGTCGCGTGCA,1480,3924.7805,0.0,0.0,False
D175_TGGGATTCAGGGAGAG,1082,3455.1194,0.0,0.0,False
D175_TGGGCGTCAAACTCGT,2962,5236.437,0.0,0.0,False
D175_TGGTAGTCACCACATA,2176,4536.3984,0.0,0.0,False
D175_TGGTTAGGTCCACGCA,1010,3236.7278,0.0,0.0,False
D175_TGTCCCAGTATCAAGA,2673,4989.866,0.0,0.0,False
D175_TGTGAGTAGATCACCT,1742,4334.566,0.0,0.0,False
D175_TGTTCCGTCATTTGGG,1790,4321.0537,0.0,0.0,False
D175_TTACTGTTCCAAAGGG,2672,5028.122,0.0,0.0,False
D175_TTAGGGTGTGATGGCA,1028,3288.2383,0.0,0.0,False
D175_TTCAATCGTATGGGAC,1683,4234.099,0.0,0.0,False
D175_TTCATTGAGCGAACTG,1594,4144.14,0.0,0.0,False
D175_TTCCAATAGCAGGGAG,1428,3925.311,0.0,0.0,False
D175_TTCCGGTGTGAGGAAA,501,2145.6365,0.0,0.0,False
D175_TTCCGGTTCTGAGATC,2741,5150.1733,0.0,0.0,False
D175_TTCGCTGAGCCTCCAG,1214,3421.867,0.0,0.0,False
D175_TTCTAACCAACGACTT,2690,4955.077,0.0,0.0,False
D175_TTGATGGCACTAGGTT,995,3254.54,0.0,0.0,False
D175_TTGGATGGTTCGGTTA,2154,4677.0767,0.0,0.0,False
D175_TTTACCATCACACCGG,1054,3227.8687,0.0,0.0,False
D175_TTTACTGAGGCCATAG,1873,4419.7144,0.0,0.0,False
D175_TTTCCTCTCAGCGGAA,1448,3973.7273,0.0,0.0,False
D175_TTTGACTCAAGAGGTC,3160,5343.9595,0.0,0.0,False
D175_TTTGACTCAGCTGCCA,968,3203.7058,0.0,0.0,False
D175_TTTGACTTCGCAATGT,1928,4465.032,0.0,0.0,False
D175_AACCTGAAGGTTGTTC,2664,5033.711,0.0,0.0,False
D175_AAGACTCTCTGTAACG,3465,5484.1704,0.0,0.0,False
D175_AAGCATCTCGCGTGAC,1647,4290.6626,0.0,0.0,False
D175_AAGGTAATCAGTCTTT,1258,3772.2485,0.0,0.0,False
D175_ACAGCCGTCGTGTGAT,1984,4483.641,0.0,0.0,False
D175_ACGGGTCGTAGGAGTC,3970,5800.003,0.0,0.0,False
D175_ACTATTCCATCAGTCA,1615,4142.4395,0.0,0.0,False
D175_ACTGTGAGTGACTCGC,3688,5721.8594,0.0,0.0,False
D175_AGACCCGCAACTCGTA,1680,4319.383,0.0,0.0,False
D175_AGAGAGCCAACTTGGT,1846,4410.8174,0.0,0.0,False
D175_AGATAGATCTTCGATT,3144,5467.3853,0.0,0.0,False
D175_AGATCCATCCCTCGAT,851,2868.5222,0.0,0.0,False
D175_AGCGCCATCTTACCAT,1438,3946.3887,0.0,0.0,False
D175_AGGTCATGTGATCGTT,2489,4977.2104,0.0,0.0,False
D175_AGTAGTCTCTTGGATG,3394,5367.185,0.0,0.0,False
D175_AGTGACTGTTCGGTAT,2659,5046.835,0.0,0.0,False
D175_ATCACTTAGCCTAACT,1435,4049.3516,0.0,0.0,False
D175_ATCACTTTCGTTAGTG,2580,4962.3413,0.0,0.0,False
D175_ATCCACCCAGGGTTGA,2798,5280.446,0.0,0.0,False
D175_ATCGTAGGTCGCTTGG,765,2833.3962,0.0,0.0,False
D175_ATGTCCCTCGGAATGG,2690,5279.1655,0.0,0.0,False
D175_ATTATCCAGGTAGATT,889,2947.4111,0.0,0.0,False
D175_ATTCATCGTAGCACGA,1019,3228.7532,0.0,0.0,False
D175_ATTCGTTTCACATTGG,3886,5825.156,0.0,0.0,False
D175_ATTCTACAGGTCACAG,2442,4798.7617,0.0,0.0,False
D175_ATTTCACTCCCGTGTT,570,2323.8938,0.0,0.0,False
D175_ATTTCTGAGCCAACCC,3841,5540.668,0.0,0.0,False
D175_CACACAAAGGTCCCTG,823,2645.539,0.0,0.0,False
D175_CACATGACAATTGGTC,2968,5311.3774,0.0,0.0,False
D175_CACGTGGTCATCGTAG,3394,5584.682,0.0,0.0,False
D175_CATGCAATCCGCATAA,3165,4927.0723,0.0,0.0,False
D175_CATTCTAGTCGGAAAC,1158,3540.8958,0.0,0.0,False
D175_CATTTCACAGGGTCTC,1194,3565.723,0.0,0.0,False
D175_CCCAACTTCAAACTGC,3308,4991.5537,0.0,0.0,False
D175_CCGCAAGGTGTTCAGT,1379,3970.5364,0.0,0.0,False
D175_CCGGTGAGTGGTTTGT,1162,3598.1392,0.0,0.0,False
D175_CCGGTGATCGTCAGAT,2899,5267.682,0.0,0.0,False
D175_CCTCACAGTCGACTGC,3234,5372.0625,0.0,0.0,False
D175_CCTCAGTGTGGTCCCA,2164,4902.5303,0.0,0.0,False
D175_CGAAGGATCGCTAGCG,3402,5468.233,0.0,0.0,False
D175_CGCATAACATTGGCAT,2970,5305.61,0.0,0.0,False
D175_CGCATAATCGACTCCT,676,2582.1418,0.0,0.0,False
D175_CGGACACAGTTTGAGA,2495,4616.5293,0.0,0.0,False
D175_CGGGACTGTAGCTTGT,2555,4923.6074,0.0,0.0,False
D175_CGGTCAGAGGCCTTCG,1443,4036.9946,0.0,0.0,False
D175_CGGTCAGTCCTGCTAC,3122,5456.203,0.0,0.0,False
D175_CGTAAGTCACGACGTC,1374,3975.4482,0.0,0.0,False
D175_CGTGAATAGGGTGAAA,1710,4287.8906,0.0,0.0,False
D175_CGTGAATTCTCCTGAC,3792,5777.1924,0.0,0.0,False
D175_CTAACCCCATCCGAAT,3347,5156.41,0.0,0.0,False
D175_CTAACTTTCATTCGTT,2992,5105.437,0.0,0.0,False
D175_CTACGGGAGTCAATCC,2268,4625.5815,0.0,0.0,False
D175_CTATAGGCAATGGGTG,1604,4171.0186,0.0,0.0,False
D175_CTATCTAGTCCGGACT,855,2520.7913,0.0,0.0,False
D175_CTCAAGACACACCTGG,1043,3334.5276,0.0,0.0,False
D175_CTCAGAAGTCAAGGCA,3717,5444.838,0.0,0.0,False
D175_CTCATCGAGCTAATGA,1808,4490.2954,0.0,0.0,False
D175_CTGGCAGCACTTGTCC,2041,4729.4585,0.0,0.0,False
D175_CTTCTAAAGTCAGAGC,641,2509.9321,0.0,0.0,False
D175_GAATAGATCCTTGGAA,980,3221.7725,0.0,0.0,False
D175_GAATCGTGTTCTTAGG,3562,5645.7793,0.0,0.0,False
D175_GACACGCTCGCGGTAC,3109,5239.9185,0.0,0.0,False
D175_GACCAATGTGCGTTTA,3686,5549.386,0.0,0.0,False
D175_GACTATGTCGGAGATG,1016,3325.2686,0.0,0.0,False
D175_GAGACCCCAGCTTTGA,1422,4006.9023,0.0,0.0,False
D175_GAGACCCTCTGGCCAG,2726,5168.7285,0.0,0.0,False
D175_GAGGCAATCAGCTAGT,3925,5635.939,0.0,0.0,False
D175_GATAGAACAAGCGATG,1699,4139.773,0.0,0.0,False
D175_GATGGAGAGATCACCT,2170,4312.198,0.0,0.0,False
D175_GATTCGACACTGGCGT,1262,3569.5093,0.0,0.0,False
D175_GCAACCGTCCATCGTC,2359,5010.3765,0.0,0.0,False
D175_GCACATACAGACCAGA,1804,4457.0425,0.0,0.0,False
D175_GCATGATGTCTATGAC,1763,4421.441,0.0,0.0,False
D175_GCCAGCAAGAAGCGAA,3688,5504.675,0.0,0.0,False
D175_GCCAGGTGTAGGAGTC,1430,3938.2666,0.0,0.0,False
D175_GCCAGTGCATGACGTT,2286,4831.698,0.0,0.0,False
D175_GCCGATGCACTCAGAT,3744,5670.3174,0.0,0.0,False
D175_GGACGTCAGAAGTGTT,1045,3426.501,0.0,0.0,False
D175_GGCTTTCGTCGTTGGC,1416,3998.9243,0.0,0.0,False
D175_GGGAAGTCATACTGTG,3218,5032.0933,0.0,0.0,False
D175_GGGACCTAGGGCGAGA,2190,4337.034,0.0,0.0,False
D175_GGGCCATCAAGTGATA,554,2291.5781,0.0,0.0,False
D175_GGGTCTGCAGAAACCG,932,3076.0813,0.0,0.0,False
D175_GGTGAAGTCACCCATC,3217,5352.717,0.0,0.0,False
D175_GGTTCTCGTGTAAACA,2769,5303.2573,0.0,0.0,False
D175_GGTTGTATCCATTTCA,1635,4028.9817,0.0,0.0,False
D175_GTATTTCTCCGTTTCG,1937,4592.318,0.0,0.0,False
D175_GTCCCATTCCGCAAAT,3973,5333.2104,0.0,0.0,False
D175_GTCGAATAGCAATAAC,2169,4687.0254,0.0,0.0,False
D175_GTCTACCCATATGGCT,525,2186.1467,0.0,0.0,False
D175_GTGCTTCTCGTGCGAC,573,2287.0903,0.0,0.0,False
D175_GTGTAACAGCATCAAA,2831,5385.5625,0.0,0.0,False
D175_GTGTAACTCACACCGG,3461,5343.4297,0.0,0.0,False
D175_GTTACCCAGACATACA,2956,5325.9614,0.0,0.0,False
D175_GTTAGTGTCGCAGTCG,1464,4019.2698,0.0,0.0,False
D175_GTTCCGTGTCTTCCGT,3949,5496.2363,0.0,0.0,False
D175_TAAGCGTAGTATTAGG,1683,4354.6357,0.0,0.0,False
D175_TAAGCGTCACGCAGTC,3530,4876.944,0.0,0.0,False
D175_TACCTCGCAACCACAT,2741,5053.5684,0.0,0.0,False
D175_TACGCTCCAATTCACG,1755,4346.9224,0.0,0.0,False
D175_TAGTGCACAAGGCCTC,1874,4336.8105,0.0,0.0,False
D175_TATTGGGAGTAAACTG,1973,4590.0376,0.0,0.0,False
D175_TCAAGCATCTCATTAC,1974,4548.611,0.0,0.0,False
D175_TCACTATCACGTGAGA,2002,4121.9526,0.0,0.0,False
D175_TCAGGTAGTCTTGAGT,2752,5371.5757,0.0,0.0,False
D175_TCATGAGGTGAGGCAT,1357,3937.0479,0.0,0.0,False
D175_TCCATCGTCGCCAGAC,3539,5596.669,0.0,0.0,False
D175_TCCGAAAAGGTGCTGA,2749,5253.11,0.0,0.0,False
D175_TCCGAAAGTGTTCATG,2197,4656.6157,0.0,0.0,False
D175_TCTACATGTTAGAAAC,2607,4737.0273,0.0,0.0,False
D175_TCTGCCAAGATGTTGA,2704,5261.321,0.0,0.0,False
D175_TGACCCTCATCCGGCA,1521,4091.5952,0.0,0.0,False
D175_TGAGTCAGTACGTGTT,2536,4926.7925,0.0,0.0,False
D175_TGATGGTTCTCTAAGG,2329,4719.9424,0.0,0.0,False
D175_TGCATCCGTATCGGTT,1585,4193.7173,0.0,0.0,False
D175_TGCGGGTGTAGCGTAG,1534,3313.1738,0.0,0.0,False
D175_TGCTTGCGTAGGAGTC,1436,3740.907,0.0,0.0,False
D175_TGGATCAAGTACTGGG,877,2979.7344,0.0,0.0,False
D175_TTACAGGAGCGTTCAT,2985,5224.163,0.0,0.0,False
D175_TTACGTTCATAGGTAA,2862,5214.1177,0.0,0.0,False
D175_TTCACGCAGCGCTTCG,1689,4288.962,0.0,0.0,False
D175_TTCCGGTTCGATTGAC,816,2215.645,0.0,0.0,False
D175_TTCCGTGCAAAGCTCT,2577,4895.0376,0.0,0.0,False
D175_TTCCTCTAGGATGCGT,1267,3548.3748,0.0,0.0,False
D175_AAACCCAGTGTCCGTG,937,3144.2886,0.0,0.0,False
D175_AAACGCTAGAATCGCG,571,2344.1724,0.0,0.0,False
D175_AAAGGATGTAACGCGA,790,2867.8687,0.0,0.0,False
D175_AAAGGTAGTAGGTACG,1013,3304.1838,0.0,0.0,False
D175_AAAGTCCCAACTCCCT,1538,4044.0852,0.0,0.0,False
D175_AAAGTGATCAGCTCTC,628,2451.1208,0.0,0.0,False
D175_AACACACAGTAAGGGA,651,2530.1233,0.0,0.0,False
D175_AACACACGTGATACTC,971,3234.6428,0.0,0.0,False
D175_AACAGGGAGTCTTCGA,656,2551.374,0.0,0.0,False
D175_AACCAACGTGCCTAAT,732,2745.0378,0.0,0.0,False
D175_AACGTCATCCCTGTTG,959,3188.4849,0.0,0.0,False
D175_AAGGAATCAATAACCC,1182,3613.663,0.0,0.0,False
D175_AAGGTAAAGCTGCCTG,543,2272.3987,0.0,0.0,False
D175_AAGGTAACATGTCTAG,1249,3605.8018,0.0,0.0,False
D175_AAGTACCGTTGTATGC,992,3292.6626,0.0,0.0,False
D175_AAGTACCTCTAAACGC,1055,3380.3293,0.0,0.0,False
D175_AAGTTCGAGGATTCAA,752,2777.8801,0.0,0.0,False
D175_AAGTTCGGTCACGCTG,2396,4928.9194,0.0,0.0,False
D175_AATGACCCACTGAGGA,790,2812.5073,0.0,0.0,False
D175_AATTCCTGTCTTCCGT,2045,4481.056,0.0,0.0,False
D175_ACAAGCTCATCGCTGG,576,2355.8623,0.0,0.0,False
D175_ACACCAACATTGGATC,1063,3335.8909,0.0,0.0,False
D175_ACACGCGAGGAACGAA,953,3231.0168,0.0,0.0,False
D175_ACCTGTCAGAGTCTGG,1280,3712.8672,0.0,0.0,False
D175_ACGTAACAGGATCATA,633,2381.7625,0.0,0.0,False
D175_ACTATCTTCTGGTCAA,1148,3491.7437,0.0,0.0,False
D175_ACTATTCTCTCAATCT,858,3005.9988,0.0,0.0,False
D175_ACTCCCATCGATGGAG,1113,3497.8328,0.0,0.0,False
D175_ACTGTCCGTCGTCATA,1630,4181.5874,0.0,0.0,False
D175_ACTTCCGTCGCTATTT,1591,4163.9663,0.0,0.0,False
D175_AGACCCGAGACCTGGA,887,3098.6357,0.0,0.0,False
D175_AGACTCATCCCAGGCA,1527,4105.439,0.0,0.0,False
D175_AGATCGTTCCACGGAC,539,2224.958,0.0,0.0,False
D175_AGATGCTAGACGCTCC,1794,4383.317,0.0,0.0,False
D175_AGCCACGTCCCAGGAC,990,3241.7908,0.0,0.0,False
D175_AGCCACGTCGTTCTCG,580,2354.6494,0.0,0.0,False
D175_AGCGCCAGTCGTCAGC,631,2476.5857,0.0,0.0,False
D175_AGCGCTGAGTCAGGGT,2093,4565.764,0.0,0.0,False
D175_AGCGTATCAAGTGGGT,1934,4570.352,0.0,0.0,False
D175_AGCGTATCAGTTAAAG,541,2251.8438,0.0,0.0,False
D175_AGCTCAAAGTCCTGTA,1127,3553.7505,0.0,0.0,False
D175_AGGACTTCAACGCATT,516,2191.847,0.0,0.0,False
D175_AGGATCTAGGTTGGTG,599,2431.4775,0.0,0.0,False
D175_AGGGCCTGTATCGATC,642,2550.3076,0.0,0.0,False
D175_AGGTCTATCTTGCAAG,949,3176.0803,0.0,0.0,False
D175_AGTAACCTCAGGGATG,1885,4390.636,0.0,0.0,False
D175_AGTACCACATGATCTG,734,2722.9114,0.0,0.0,False
D175_AGTACTGAGAGCATAT,691,2625.9263,0.0,0.0,False
D175_AGTAGCTTCTAAGCGT,690,2627.343,0.0,0.0,False
D175_AGTAGTCTCCGTATGA,1020,3283.3193,0.0,0.0,False
D175_AGTGACTGTTGGGTTT,881,3071.8496,0.0,0.0,False
D175_AGTGATCTCAAAGAAC,713,2660.4465,0.0,0.0,False
D175_AGTGTTGCACGGGCTT,664,2552.0176,0.0,0.0,False
D175_ATACCTTCAAAGCGTG,913,3097.2898,0.0,0.0,False
D175_ATCACTTTCGTAACTG,907,3119.2515,0.0,0.0,False
D175_ATCCATTTCACTCGAA,1305,3763.6157,0.0,0.0,False
D175_ATCCGTCAGAGAGGGC,1398,3916.8445,0.0,0.0,False
D175_ATCCTATCAAGACCGA,583,2357.8254,0.0,0.0,False
D175_ATCGTCCTCTCATGCC,499,2126.1174,0.0,0.0,False
D175_ATCTCTAAGTCACTCA,1556,4080.0952,0.0,0.0,False
D175_ATCTCTACACTACCCT,716,2707.2085,0.0,0.0,False
D175_ATGAAAGTCTAGATCG,721,2670.977,0.0,0.0,False
D175_ATTCACTCACATAGCT,506,2177.4907,0.0,0.0,False
D175_ATTCAGGTCAAGTCGT,920,3161.2285,0.0,0.0,False
D175_ATTCCTATCAAGGACG,1125,3519.3745,0.0,0.0,False
D175_ATTCTACGTCAGTTTG,710,2650.7678,0.0,0.0,False
D175_ATTGGGTTCACCATCC,690,2644.5605,0.0,0.0,False
D175_ATTTCACTCGAAGCAG,1554,4075.0972,0.0,0.0,False
D175_CAACGGCCAATCGAAA,588,2378.2957,0.0,0.0,False
D175_CAAGAGGAGGCGATAC,1320,3759.824,0.0,0.0,False
D175_CAATTTCTCTGCCTCA,948,3168.5618,0.0,0.0,False
D175_CACAACAGTTGATCGT,1007,3313.6392,0.0,0.0,False
D175_CACACAACAATGGCCC,571,2323.0427,0.0,0.0,False
D175_CACCGTTAGTAGAATC,879,3029.728,0.0,0.0,False
D175_CACCGTTCAGGTCCCA,535,2133.374,0.0,0.0,False
D175_CACGGGTCAGCTTCGG,827,2941.1475,0.0,0.0,False
D175_CACTGGGGTGCCCACA,1239,3681.124,0.0,0.0,False
D175_CACTGTCAGAAGCGGG,890,3029.645,0.0,0.0,False
D175_CAGCAATAGACATAAC,624,2480.8054,0.0,0.0,False
D175_CAGCACGAGACTCGAG,754,2786.3667,0.0,0.0,False
D175_CAGTTAGGTTAGGGTG,539,2242.0298,0.0,0.0,False
D175_CATAAGCCACCATAAC,622,2472.6755,0.0,0.0,False
D175_CATAGACGTCAAGCGA,600,2418.9014,0.0,0.0,False
D175_CATGCAACACCTCTAC,1369,3797.09,0.0,0.0,False
D175_CATTCATTCACCTACC,548,2274.2456,0.0,0.0,False
D175_CATTGAGGTGTGTCCG,560,2306.4749,0.0,0.0,False
D175_CATTTCACAACACTAC,938,3165.6816,0.0,0.0,False
D175_CCAATTTGTTCTCCTG,568,2337.0967,0.0,0.0,False
D175_CCACAAATCAACTCTT,959,3147.708,0.0,0.0,False
D175_CCACACTCAGCCCAGT,808,2918.476,0.0,0.0,False
D175_CCACGTTGTAACCCTA,1065,3407.261,0.0,0.0,False
D175_CCCTAACTCATCCTGC,689,2642.889,0.0,0.0,False
D175_CCCTCAAAGATAACGT,945,3215.6628,0.0,0.0,False
D175_CCCTCTCGTTGCGAAG,1939,4503.382,0.0,0.0,False
D175_CCGGTAGTCTGCCTGT,1897,4503.7344,0.0,0.0,False
D175_CCGGTGAAGTGACCTT,831,2959.979,0.0,0.0,False
D175_CCGGTGATCCATTTAC,578,2349.47,0.0,0.0,False
D175_CCTCCTCCAATAGTGA,1410,3946.146,0.0,0.0,False
D175_CCTCCTCGTGCCTTTC,670,2597.1968,0.0,0.0,False
D175_CCTGTTGCAATTTCCT,1114,3508.7808,0.0,0.0,False
D175_CCTTGTGCATTCAGGT,870,3024.2842,0.0,0.0,False
D175_CGAGTTAAGAAAGCGA,508,2169.7844,0.0,0.0,False
D175_CGCAGGTTCCACAGGC,523,2198.0972,0.0,0.0,False
D175_CGCCATTAGTTGAAGT,666,2578.686,0.0,0.0,False
D175_CGCGTGACAAAGGCAC,951,3211.8562,0.0,0.0,False
D175_CGGAACCGTCACTAGT,501,2143.645,0.0,0.0,False
D175_CGGAGAAAGATTGCGG,1045,3345.7954,0.0,0.0,False
D175_CGGGCATAGGCCCACT,932,3071.283,0.0,0.0,False
D175_CGTCCATAGGCATCAG,980,3266.7742,0.0,0.0,False
D175_CGTGAATTCCTGCCAT,697,2636.014,0.0,0.0,False
D175_CGTTAGAGTCTGCCTT,892,3094.927,0.0,0.0,False
D175_CGTTCTGGTAGAATGT,588,2401.2876,0.0,0.0,False
D175_CTAACTTAGGATGGCT,643,2519.8972,0.0,0.0,False
D175_CTATCCGTCGCAGTTA,1763,4275.585,0.0,0.0,False
D175_CTATCTATCGTTCGCT,1150,3521.575,0.0,0.0,False
D175_CTCAACCTCGATACAC,692,2617.0583,0.0,0.0,False
D175_CTCATGCGTTGCTCGG,954,3197.4011,0.0,0.0,False
D175_CTCCCAATCACAGTGT,526,2229.4902,0.0,0.0,False
D175_CTCCCTCCACTCCTGT,963,3205.7231,0.0,0.0,False
D175_CTCCCTCGTGGTCTGC,2212,4712.579,0.0,0.0,False
D175_CTGCAGGGTATCACCA,514,2199.8816,0.0,0.0,False
D175_CTGCCATTCATTGCCC,773,2798.3997,0.0,0.0,False
D175_CTGCCTAGTGTTTCTT,2239,4723.5957,0.0,0.0,False
D175_CTGGTCTAGCGCCGTT,661,2547.9114,0.0,0.0,False
D175_CTGTCGTCATCCAATG,1218,3650.7505,0.0,0.0,False
D175_CTTGAGAAGTTCTACG,717,2692.009,0.0,0.0,False
D175_GAAGGACAGAAGAGCA,725,2701.0212,0.0,0.0,False
D175_GAAGGACGTGGACTAG,632,2530.244,0.0,0.0,False
D175_GAAGGGTTCCTAGCCT,1515,4095.349,0.0,0.0,False
D175_GAATCGTTCATTTACC,2479,4833.244,0.0,0.0,False
D175_GACCAATAGCTTACGT,573,2363.1287,0.0,0.0,False
D175_GACCTTCAGCTTACGT,1154,3521.5625,0.0,0.0,False
D175_GACGTTAAGGTCTGGA,1772,4423.9595,0.0,0.0,False
D175_GACTCTCTCGGCCAAC,954,3244.833,0.0,0.0,False
D175_GACTTCCCATGTGCCG,647,2539.0476,0.0,0.0,False
D175_GAGACCCTCCGATCTC,1905,4422.2886,0.0,0.0,False
D175_GAGACTTCATGACAGG,498,2152.6538,0.0,0.0,False
D175_GAGCTGCCACCCAACG,712,2654.8667,0.0,0.0,False
D175_GAGCTGCTCGGACGTC,1464,3923.0745,0.0,0.0,False
D175_GAGTCTAAGGTGGGTT,1273,3737.3818,0.0,0.0,False
D175_GATAGAAGTCAAATCC,727,2747.9192,0.0,0.0,False
D175_GATCACATCTAAGAAG,899,3011.6626,0.0,0.0,False
D175_GATCATGAGGCCTGAA,2699,5117.628,0.0,0.0,False
D175_GATGGAGTCAAGTGTC,1465,3974.4653,0.0,0.0,False
D175_GATTCGAAGAAAGTCT,752,2725.7656,0.0,0.0,False
D175_GATTCGATCTTGTTAC,740,2759.7212,0.0,0.0,False
D175_GATTGGTCATAACCCA,1393,3904.3838,0.0,0.0,False
D175_GATTTCTAGGCATGGT,1352,3865.5967,0.0,0.0,False
D175_GCACGTGAGGAACGTC,1891,4463.5176,0.0,0.0,False
D175_GCACTAATCTGTAAGC,916,3121.3074,0.0,0.0,False
D175_GCATCGGGTGTCATCA,1606,4244.933,0.0,0.0,False
D175_GCATGATTCGATGCAT,735,2741.7625,0.0,0.0,False
D175_GCATTAGCAGGCATTT,722,2717.4885,0.0,0.0,False
D175_GCATTAGCATATAGCC,2004,4545.1533,0.0,0.0,False
D175_GCCAGCAGTGGTCCCA,695,2622.1707,0.0,0.0,False
D175_GCCAGCAGTTCCATTT,1385,3882.4607,0.0,0.0,False
D175_GCCTGTTAGGTTGCCC,738,2737.757,0.0,0.0,False
D175_GCGAGAAAGAGGCGGA,1500,4017.159,0.0,0.0,False
D175_GCGGATCCAATTGGTC,875,3040.4307,0.0,0.0,False
D175_GGAATCTGTCAAAGCG,1277,3671.8508,0.0,0.0,False
D175_GGAATGGCAAGCGGAT,899,3025.2908,0.0,0.0,False
D175_GGATGTTAGCCTTTGA,1530,4068.8252,0.0,0.0,False
D175_GGGACCTGTTTCACAG,891,3073.6448,0.0,0.0,False
D175_GGGCCATGTACCCAGC,1312,3694.3494,0.0,0.0,False
D175_GGTAATCGTGAGCAGT,676,2593.7595,0.0,0.0,False
D175_GGTTAACGTGCCTTCT,865,2980.5852,0.0,0.0,False
D175_GTAACACTCCAGCACG,1734,4122.656,0.0,0.0,False
D175_GTAACCACACCTGCTT,1398,3902.1936,0.0,0.0,False
D175_GTAGAGGTCTGCGGGT,1237,3614.3699,0.0,0.0,False
D175_GTAGGAGGTTTGCAGT,558,2237.15,0.0,0.0,False
D175_GTAGGTTAGGTGCTAG,1133,3499.5378,0.0,0.0,False
D175_GTCAAACTCTTCCGTG,566,2334.5203,0.0,0.0,False
D175_GTCCACTTCGTCTACC,2581,4983.0527,0.0,0.0,False
D175_GTCGAATTCCTCATAT,2862,5006.186,0.0,0.0,False
D175_GTCTCACGTGGAACAC,590,2391.096,0.0,0.0,False
D175_GTGACGCAGTCGAATA,886,3098.4915,0.0,0.0,False
D175_GTGATGTGTTACGTAC,1214,3692.509,0.0,0.0,False
D175_GTGCACGTCCTTATGT,1646,4197.5146,0.0,0.0,False
D175_GTGCAGCGTATCTTCT,740,2726.086,0.0,0.0,False
D175_GTTTGGAAGTTCCTGA,1069,3425.1804,0.0,0.0,False
D175_GTTTGGAGTCTGATAC,611,2447.3044,0.0,0.0,False
D175_TAACACGAGCTACTGT,894,3094.912,0.0,0.0,False
D175_TAACACGCATATGAAG,1164,3522.5361,0.0,0.0,False
D175_TAAGCACAGAGGGTAA,2382,4900.4683,0.0,0.0,False
D175_TAAGCCACATGCGGTC,858,3002.836,0.0,0.0,False
D175_TAATCTCGTGGACCAA,843,2983.4563,0.0,0.0,False
D175_TACCGGGCAGCGTAGA,500,2153.9644,0.0,0.0,False
D175_TACCTGCCACAAGCCC,593,2409.1587,0.0,0.0,False
D175_TACGTCCTCGCGTGCA,624,2462.2676,0.0,0.0,False
D175_TAGGAGGCAGTTACCA,914,3123.2532,0.0,0.0,False
D175_TAGGTACTCCTCACTG,804,2863.5872,0.0,0.0,False
D175_TAGTGCAAGAAATTGC,1028,3368.1013,0.0,0.0,False
D175_TATACCTTCAAGGTGG,1147,3497.447,0.0,0.0,False
D175_TATCAGGGTCTTGAGT,2018,4606.8306,0.0,0.0,False
D175_TATGTTCTCGGTCTAA,601,2367.81,0.0,0.0,False
D175_TATTGCTAGTGGTGAC,676,2623.764,0.0,0.0,False
D175_TATTGGGGTGAATTGA,1712,4216.154,0.0,0.0,False
D175_TCACACCAGGGCAGTT,1083,3433.2974,0.0,0.0,False
D175_TCACTCGTCGTCGACG,776,2815.5598,0.0,0.0,False
D175_TCAGCCTCACATATGC,816,2942.4216,0.0,0.0,False
D175_TCAGGTACACGGATCC,531,2246.3198,0.0,0.0,False
D175_TCAGGTAGTTTCACAG,1041,3370.8,0.0,0.0,False
D175_TCAGTGATCAGCTGAT,706,2673.449,0.0,0.0,False
D175_TCATACTGTTATGACC,1803,4351.811,0.0,0.0,False
D175_TCATATCAGCCGTAAG,914,3133.654,0.0,0.0,False
D175_TCATCATCAAGTGGCA,1834,4473.1333,0.0,0.0,False
D175_TCATTGTCACAGAAGC,548,2286.6467,0.0,0.0,False
D175_TCCACCAAGTTACGGG,1694,4183.3765,0.0,0.0,False
D175_TCCATCGGTAGCGATG,1830,4219.897,0.0,0.0,False
D175_TCCCACAGTGCTGATT,784,2826.5977,0.0,0.0,False
D175_TCCTCCCAGCCATTCA,1802,4451.812,0.0,0.0,False
D175_TCCTCTTAGATGAAGG,1085,3408.4312,0.0,0.0,False
D175_TCCTGCAGTCTTGCGG,673,2593.2983,0.0,0.0,False
D175_TCCTTCTAGGTCGACA,1557,4092.9348,0.0,0.0,False
D175_TCCTTCTCATTCGGGC,873,3031.6538,0.0,0.0,False
D175_TCGGATAAGGTCTTTG,815,2901.3215,0.0,0.0,False
D175_TCGTGCTCAGTTAGAA,1497,3905.0168,0.0,0.0,False
D175_TCGTGCTTCGAGCCAC,660,2550.564,0.0,0.0,False
D175_TCGTGGGCAGGCGATA,902,3077.9763,0.0,0.0,False
D175_TCTATACAGGGTGGGA,1014,3296.4927,0.0,0.0,False
D175_TCTATACTCACCCTTG,1292,3764.8896,0.0,0.0,False
D175_TGACTCCTCGAAGGAC,2477,5051.524,0.0,0.0,False
D175_TGAGGAGTCCGATCTC,1302,3788.6807,0.0,0.0,False
D175_TGAGGGACAACAGATA,971,3285.123,0.0,0.0,False
D175_TGAGGGATCGACCAAT,1308,3787.7632,0.0,0.0,False
D175_TGAGGTTAGCTGGAGT,748,2786.4673,0.0,0.0,False
D175_TGAGTCAAGGTGCTTT,1150,3515.3174,0.0,0.0,False
D175_TGATCAGTCTACACTT,981,3218.3013,0.0,0.0,False
D175_TGATCAGTCTCACTCG,730,2735.1255,0.0,0.0,False
D175_TGATCTTCACTTGAAC,677,2595.4863,0.0,0.0,False
D175_TGATGGTCAGACCTGC,625,2487.6892,0.0,0.0,False
D175_TGATTCTGTCGGATTT,1076,3412.116,0.0,0.0,False
D175_TGCTTCGAGCTACAAA,538,2242.0444,0.0,0.0,False
D175_TGGAGAGAGGTCTACT,649,2536.0913,0.0,0.0,False
D175_TGGATCACATACCACA,1617,4173.327,0.0,0.0,False
D175_TGGCGTGAGGTGCATG,586,2352.371,0.0,0.0,False
D175_TGGTGATAGGGACCAT,823,2927.1343,0.0,0.0,False
D175_TGTGAGTTCGTAGTCA,773,2773.6296,0.0,0.0,False
D175_TGTGGCGAGAGTGAAG,1170,3576.2695,0.0,0.0,False
D175_TGTTCATAGGCATCGA,1891,4467.724,0.0,0.0,False
D175_TGTTCCGTCTATACGG,594,2415.6094,0.0,0.0,False
D175_TGTTGAGTCCTCACTG,592,2400.1033,0.0,0.0,False
D175_TTACGTTGTCTCTCCA,902,3088.753,0.0,0.0,False
D175_TTAGGGTCAACAACAA,676,2583.737,0.0,0.0,False
D175_TTCACCGCAGTCAGTT,1950,4545.176,0.0,0.0,False
D175_TTCTAACCAGCTGAGA,578,2351.2632,0.0,0.0,False
D175_TTCTAGTAGACTTCCA,1291,3834.0874,0.0,0.0,False
D175_TTCTAGTTCATGGAGG,695,2662.4565,0.0,0.0,False
D175_TTGCATTTCTGGGCGT,782,2843.6694,0.0,0.0,False
D175_TTGCTGCCAATCACGT,597,2407.4075,0.0,0.0,False
D175_TTGCTGCGTCGATTAC,628,2508.1099,0.0,0.0,False
D175_TTGGTTTCAACTTGCA,894,3039.9866,0.0,0.0,False
D175_TTGTTCACAACCGTGC,751,2764.8384,0.0,0.0,False
D175_TTGTTGTCAAAGGGTC,1160,3561.505,0.0,0.0,False
D175_AAACGAACAAAGCACG,1668,4096.8696,0.0,0.0,False
D175_AAAGAACCACAAATCC,2572,4694.521,0.0,0.0,False
D175_AAAGGATGTCCCGTGA,1152,3498.083,0.0,0.0,False
D175_AAAGGTATCAAACTGC,953,3164.4944,0.0,0.0,False
D175_AACCATGCAAGCACAG,1009,3237.9365,0.0,0.0,False
D175_AACGGGAGTGTTCATG,508,2183.576,0.0,0.0,False
D175_AAGATAGAGCCAGAGT,564,2313.7932,0.0,0.0,False
D175_AAGGTAAGTTTCACTT,1004,3232.2104,0.0,0.0,False
D175_AATGCCACATGACTGT,2487,5006.4785,0.0,0.0,False
D175_AATTCCTGTAGTCGTT,1516,4093.2205,0.0,0.0,False
D175_AATTTCCTCGAGTCTA,1678,4112.9985,0.0,0.0,False
D175_ACATCGATCCCAGGAC,734,2724.3416,0.0,0.0,False
D175_ACCTGAATCGAGATAA,1205,3513.3867,0.0,0.0,False
D175_ACCTGTCAGACCAAAT,1179,3391.526,0.0,0.0,False
D175_ACGTTCCCATCTTTCA,1024,3314.0474,0.0,0.0,False
D175_AGACCCGCATGCAGCC,1541,4054.5354,0.0,0.0,False
D175_AGACTCATCAGCATTG,922,3107.0764,0.0,0.0,False
D175_AGAGAGCAGCTGCCTG,1349,3834.827,0.0,0.0,False
D175_AGGTTGTGTCTACATG,713,2660.4463,0.0,0.0,False
D175_AGTGTTGCAAACCATC,2907,4944.949,0.0,0.0,False
D175_ATAGGCTGTAAGCTCT,690,2564.0564,0.0,0.0,False
D175_ATGACCAAGAAGGGAT,892,2982.1797,0.0,0.0,False
D175_ATGCCTCGTTCTTGTT,1191,3534.5857,0.0,0.0,False
D175_ATGGATCCACCTGCTT,2752,4841.9766,0.0,0.0,False
D175_ATTCTTGGTGGATCGA,669,2584.5684,0.0,0.0,False
D175_ATTTACCGTTGTGTAC,1011,3279.0532,0.0,0.0,False
D175_ATTTCTGCAAATTAGG,2251,4770.419,0.0,0.0,False
D175_CACACAACATCAGTCA,1807,4320.8877,0.0,0.0,False
D175_CACCGTTCAAAGGTTA,795,2889.2407,0.0,0.0,False
D175_CACTGTCTCTACTGAG,1008,3331.3264,0.0,0.0,False
D175_CACTTCGCAGGTTACT,917,3110.829,0.0,0.0,False
D175_CAGCAGCTCTAAGGAA,2505,4949.3438,0.0,0.0,False
D175_CAGCCAGAGACTGTTC,1622,4131.24,0.0,0.0,False
D175_CATAAGCGTGAATTGA,949,3144.4756,0.0,0.0,False
D175_CATACTTGTATGTCAC,1041,3333.1272,0.0,0.0,False
D175_CATGCAATCTCCGAGG,1293,3498.463,0.0,0.0,False
D175_CATGCTCCAAGTGATA,1556,3940.5308,0.0,0.0,False
D175_CATGGTATCCAGGACC,764,2752.1016,0.0,0.0,False
D175_CCACAAACACTTCCTG,1955,4610.2603,0.0,0.0,False
D175_CCACTTGCAGGTCCCA,2864,5153.1987,0.0,0.0,False
D175_CCGTAGGGTTGTCTAG,681,2628.4534,0.0,0.0,False
D175_CCTAACCCAGGACGAT,1937,4479.833,0.0,0.0,False
D175_CCTCCTCTCCGATGCG,2648,4816.104,0.0,0.0,False
D175_CGAAGGAAGTTGGCTT,2242,4759.8604,0.0,0.0,False
D175_CGCATAAGTTACTCAG,3240,5374.5986,0.0,0.0,False
D175_CTCAATTAGAGGGTAA,1491,3971.5322,0.0,0.0,False
D175_CTCACTGAGGTACTGG,1659,4181.2705,0.0,0.0,False
D175_CTCAGAACACTTGTGA,1662,4219.734,0.0,0.0,False
D175_CTCCTTTGTGTCTTCC,1028,3328.972,0.0,0.0,False
D175_CTCTGGTTCTCTCTAA,2506,4768.8413,0.0,0.0,False
D175_CTGGCAGTCGTTACCC,1793,4326.754,0.0,0.0,False
D175_CTTGAGACAGCAGAAC,1164,3544.1921,0.0,0.0,False
D175_CTTGAGACATCCGTGG,517,2111.707,0.0,0.0,False
D175_GAGGCCTTCTACTTCA,3087,4845.072,0.0,0.0,False
D175_GATAGAATCTCGCCTA,2424,4631.7144,0.0,0.0,False
D175_GCACGGTGTGAGTAGC,1115,3437.1472,0.0,0.0,False
D175_GCAGCTGCAAAGACGC,936,3173.3884,0.0,0.0,False
D175_GCTCAAATCCTACCGT,1047,3280.108,0.0,0.0,False
D175_GCTTTCGCAACCCTAA,1389,3888.7583,0.0,0.0,False
D175_GGTAGAGCACGCCAGT,1252,3625.454,0.0,0.0,False
D175_GGTAGAGGTGGCCTCA,2687,4943.934,0.0,0.0,False
D175_GGTGATTCACCCGTAG,1237,3557.5183,0.0,0.0,False
D175_GGTTCTCGTTTACGAC,1274,3585.864,0.0,0.0,False
D175_GGTTGTATCCGCTAGG,745,2724.4968,0.0,0.0,False
D175_GTAGAAACAATCAGCT,3185,5327.5015,0.0,0.0,False
D175_GTCCACTGTGCTGATT,512,2186.182,0.0,0.0,False
D175_GTCGTAACACACGGTC,1481,3869.7166,0.0,0.0,False
D175_GTGCGTGCAAGAGCTG,1343,3828.7522,0.0,0.0,False
D175_GTGGAGATCAAACGAA,3376,5538.158,0.0,0.0,False
D175_GTGGCGTTCCCGTGAG,2409,4838.149,0.0,0.0,False
D175_GTGTCCTCAGGTGTTT,1644,4138.925,0.0,0.0,False
D175_GTGTGATGTTTGGAAA,2465,5023.935,0.0,0.0,False
D175_GTGTTAGCATCACCAA,2011,4419.1553,0.0,0.0,False
D175_GTTAGACGTGTTATCG,1390,3921.146,0.0,0.0,False
D175_GTTGCTCGTTGAGGAC,1814,4384.0767,0.0,0.0,False
D175_TAACACGGTCACTTAG,3199,5181.2607,0.0,0.0,False
D175_TACCCACAGATGCCGA,653,2535.3027,0.0,0.0,False
D175_TACTTCATCGAAACAA,764,2779.3862,0.0,0.0,False
D175_TATATCCGTACCGTCG,1001,3283.53,0.0,0.0,False
D175_TATCGCCTCCCAATAG,2288,4588.1113,0.0,0.0,False
D175_TCAATCTTCATTTGTC,810,2914.7976,0.0,0.0,False
D175_TCCGATCTCACTGATG,977,2998.7966,0.0,0.0,False
D175_TCCTTCTGTCGATTCA,1323,3780.6917,0.0,0.0,False
D175_TCGCTCATCACATTGG,1833,4462.917,0.0,0.0,False
D175_TCGGATAAGAATCGTA,751,2729.4614,0.0,0.0,False
D175_TCGGGTGAGGGCAGTT,2377,4873.026,0.0,0.0,False
D175_TCTAACTAGAGCAACC,1872,4517.088,0.0,0.0,False
D175_TCTTAGTAGCAAGTGC,1404,3875.6245,0.0,0.0,False
D175_TGACTCCCAAGAGTGC,1948,4464.755,0.0,0.0,False
D175_TGAGGAGGTGATTGGG,2774,4904.0156,0.0,0.0,False
D175_TGAGGGAGTGGAGAAA,3249,5421.3477,0.0,0.0,False
D175_TGGATCAGTATGTGTC,952,3201.753,0.0,0.0,False
D175_TTACGCCAGTGCCTCG,1520,3932.4192,0.0,0.0,False
D175_TTCAGGAGTCTGTCAA,2001,4610.9033,0.0,0.0,False
D175_TTCGGTCAGTAGTCCT,1169,3531.2427,0.0,0.0,False
D175_TTCTAGTAGAGCAGTC,1801,4419.9473,0.0,0.0,False
D175_TTCTGTACACTATCCC,1003,3200.266,0.0,0.0,False
D175_TTCTTGAGTTTGTGGT,1581,4117.2896,0.0,0.0,False
D175_TTGCATTGTTGTAAAG,1719,3970.7654,0.0,0.0,False
D175_AACAGGGAGTAAAGCT,1793,4510.8135,0.0,0.0,False
D175_AAGACTCCAAACTAGA,615,2452.1255,0.0,0.0,False
D175_AATAGAGGTCATAGTC,3977,5501.6187,0.0,0.0,False
D175_ACACGCGCATGGGTTT,1146,3561.8796,0.0,0.0,False
D175_AGCCAGCTCTAAGCCA,1097,3290.6428,0.0,0.0,False
D175_AGTTAGCGTCGGAAAC,2520,5202.8843,0.0,0.0,False
D175_ATCGTGATCATTGTTC,1373,3936.7844,0.0,0.0,False
D175_ATTTCTGTCGGCTGAC,874,3003.0015,0.0,0.0,False
D175_CAGAGCCGTCGCATCG,2267,4831.707,0.0,0.0,False
D175_CAGATACCATTGAAGA,2218,4884.6323,0.0,0.0,False
D175_CAGTGCGAGTAGGCCA,545,2275.346,0.0,0.0,False
D175_CATAGACCATGGATCT,1801,4412.091,0.0,0.0,False
D175_CATGGATAGCCTGTGC,3217,5625.142,0.0,0.0,False
D175_CCATCACAGCAACAGC,3285,5502.982,0.0,0.0,False
D175_CCGAACGAGAGCATAT,2552,5059.783,0.0,0.0,False
D175_CCGTGAGAGCACTCAT,1521,4129.41,0.0,0.0,False
D175_CCGTGAGCACGAAAGC,1814,4348.34,0.0,0.0,False
D175_CGGAATTCAGAAATTG,1661,4327.003,0.0,0.0,False
D175_CGTGTCTTCTCGAACA,2953,4922.895,0.0,0.0,False
D175_CTACATTGTCGGAACA,3682,5754.049,0.0,0.0,False
D175_CTATAGGCACTGAGTT,1310,3868.7012,0.0,0.0,False
D175_CTCAGAATCCTGGGAC,1072,3210.3147,0.0,0.0,False
D175_CTCAGTCGTAGCTGAG,3202,5560.5996,0.0,0.0,False
D175_CTCCGATTCTAGAACC,2116,4662.2954,0.0,0.0,False
D175_CTGTACCAGCATCCTA,1011,3260.6553,0.0,0.0,False
D175_GATGCTAAGTGCAGGT,744,2756.5303,0.0,0.0,False
D175_GCCAGCAGTGTACAGG,2371,4938.433,0.0,0.0,False
D175_GCGGATCGTTATGTCG,1015,3320.9604,0.0,0.0,False
D175_GGAACCCCAGGTATGG,3981,5930.6963,0.0,0.0,False
D175_GGATGTTTCCAATCTT,2473,4943.495,0.0,0.0,False
D175_GGCAGTCAGATTAGCA,839,2985.9478,0.0,0.0,False
D175_GGGCGTTGTATACAGA,1745,4365.1543,0.0,0.0,False
D175_GGGTCACCACAAGCCC,636,2528.886,0.0,0.0,False
D175_GGTGGCTTCTCTCTAA,2962,5413.3096,0.0,0.0,False
D175_GTACAACTCTTAGCTT,1021,3355.4683,0.0,0.0,False
D175_GTATTGGGTAACAGTA,2654,5108.7344,0.0,0.0,False
D175_GTATTTCGTGTCACAT,3079,5474.6445,0.0,0.0,False
D175_GTGGTTACAGAGTTCT,1799,4378.3594,0.0,0.0,False
D175_TACCCGTTCCACCCTA,2832,5247.074,0.0,0.0,False
D175_TACCGAAAGCATTTCG,3692,5694.369,0.0,0.0,False
D175_TCACGGGCATCCGTGG,1336,3875.2664,0.0,0.0,False
D175_TCACGGGGTGTCCTAA,1602,4178.022,0.0,0.0,False
D175_TCAGTGAGTGTCGCTG,777,2819.9197,0.0,0.0,False
D175_TCAGTGATCCATAGGT,3816,5873.4536,0.0,0.0,False
D175_TCATTCACACGACCTG,3200,5480.0645,0.0,0.0,False
D175_TCTATCATCTGGCCGA,1987,4610.391,0.0,0.0,False
D175_TGCGGGTAGAAACCAT,2719,5264.948,0.0,0.0,False
D175_TGCTTCGAGGCCTAGA,933,3143.767,0.0,0.0,False
D175_TGCTTCGTCACAAGGG,2931,5260.8057,0.0,0.0,False
D175_TGTTACTCAAGAGTGC,3896,5543.4116,0.0,0.0,False
D175_TTTACCATCACCATGA,1134,3500.1465,0.0,0.0,False
D175_TTTATGCGTGGGCTTC,1969,4629.948,0.0,0.0,False
D175_TTTGATCGTTCAGGTT,3815,5815.5854,0.0,0.0,False
D175_AAACCCATCCCTTGGT,992,3219.416,0.0,0.0,False
D175_AAAGGTACATCATCCC,1765,4357.753,0.0,0.0,False
D175_AAAGTCCGTACCCGCA,1907,4488.0957,0.0,0.0,False
D175_AAATGGATCTCGCGTT,908,3112.267,0.0,0.0,False
D175_AACCCAAGTGACACAG,651,2554.2942,0.0,0.0,False
D175_AACGAAAGTACAGGTG,2881,5196.0596,0.0,0.0,False
D175_AAGCATCCACTGCTTC,2489,4832.637,0.0,0.0,False
D175_AATCACGAGCGCCTAC,1332,3811.1118,0.0,0.0,False
D175_AATGCCAGTTGCGAAG,786,2879.2935,0.0,0.0,False
D175_AATTTCCAGTACCATC,2801,5134.764,0.0,0.0,False
D175_AATTTCCCAGCTGAAG,2827,5109.1934,0.0,0.0,False
D175_ACAACCATCGTGGTAT,2458,4922.1035,0.0,0.0,False
D175_ACAGGGAGTTCCTAGA,1618,4171.266,0.0,0.0,False
D175_ACCCAAACAATTGAAG,1205,3675.6797,0.0,0.0,False
D175_ACCCTCACAGCAGATG,1213,3568.0254,0.0,0.0,False
D175_ACCGTTCTCTGCTCTG,1616,4163.288,0.0,0.0,False
D175_ACGGGTCAGTTCGGTT,2649,5183.6665,0.0,0.0,False
D175_ACGGTCGAGGAAAGAC,588,2393.9153,0.0,0.0,False
D175_ACGGTTAGTCCGTACG,498,2150.633,0.0,0.0,False
D175_ACTGATGTCACTACGA,691,2639.1067,0.0,0.0,False
D175_AGACCATGTGAGATTA,2790,5190.7637,0.0,0.0,False
D175_AGATAGATCGCAGTTA,2147,4680.1455,0.0,0.0,False
D175_AGATCGTCAGCGCTTG,1463,4045.6472,0.0,0.0,False
D175_AGATGAAGTCCAGCGT,1612,4222.5137,0.0,0.0,False
D175_AGCCAATAGAGGCGGA,810,2865.7415,0.0,0.0,False
D175_AGCCAGCTCCCATTCG,2698,5106.9263,0.0,0.0,False
D175_AGCTCAATCAGCTCTC,3332,5449.5806,0.0,0.0,False
D175_AGGATCTAGCAACTCT,1140,3543.1304,0.0,0.0,False
D175_AGGCATTCACGCAGTC,3914,5714.4194,0.0,0.0,False
D175_AGGCCACAGGTACCTT,1508,4030.1394,0.0,0.0,False
D175_AGGCTGCTCTTTCCAA,3284,5340.3306,0.0,0.0,False
D175_AGGGAGTAGGAAAGGT,807,2866.9307,0.0,0.0,False
D175_AGGGTCCCATGCGTGC,2528,4976.2773,0.0,0.0,False
D175_AGGTAGGTCACAATGC,2469,4918.3506,0.0,0.0,False
D175_AGTACCACACAGTGTT,2511,4941.0444,0.0,0.0,False
D175_AGTTAGCGTAAGAACT,1411,3913.5452,0.0,0.0,False
D175_AGTTCCCCACAGACGA,1331,3819.0898,0.0,0.0,False
D175_ATATCCTCATGGAAGC,1558,4157.7925,0.0,0.0,False
D175_ATCAGGTTCCGGACGT,2879,5079.657,0.0,0.0,False
D175_ATCCCTGAGATTGATG,1461,4036.3013,0.0,0.0,False
D175_ATCCGTCTCTAACACG,1998,4536.949,0.0,0.0,False
D175_ATCGTAGGTTATCTGG,1784,4353.4927,0.0,0.0,False
D175_ATCGTCCCATCTTAGG,875,3042.784,0.0,0.0,False
D175_ATCGTGACAATGGGTG,3093,5209.994,0.0,0.0,False
D175_ATGACCATCCACCTGT,622,2475.5918,0.0,0.0,False
D175_ATGAGTCTCCGATAGT,2831,5341.296,0.0,0.0,False
D175_ATTACCTCAACTCCAA,1960,4590.648,0.0,0.0,False
D175_ATTACTCGTAACCCTA,1093,3451.2278,0.0,0.0,False
D175_ATTACTCTCCATTGGA,1381,3839.6309,0.0,0.0,False
D175_ATTCCCGCATACCATG,1188,3613.276,0.0,0.0,False
D175_ATTCGTTAGTTGTAAG,1373,3872.5215,0.0,0.0,False
D175_ATTCTACCACAAGGTG,826,2947.9111,0.0,0.0,False
D175_ATTCTTGCACTATGTG,2682,5112.2476,0.0,0.0,False
D175_ATTTACCGTTCGGTAT,1039,3350.5918,0.0,0.0,False
D175_ATTTCTGAGCCTGACC,1361,3881.924,0.0,0.0,False
D175_CAACCTCTCCTCACGT,2079,4559.31,0.0,0.0,False
D175_CAAGAGGCAACACAGG,1863,4454.1504,0.0,0.0,False
D175_CAATGACAGTTCCGTA,1993,4435.2886,0.0,0.0,False
D175_CACAACATCGGAGTGA,743,2760.9333,0.0,0.0,False
D175_CAGATCAGTTGCCGCA,1160,3613.138,0.0,0.0,False
D175_CAGATTGAGAGTTGAT,1567,4120.977,0.0,0.0,False
D175_CAGCAGCAGACAAGCC,985,3273.3577,0.0,0.0,False
D175_CAGCAGCCAGAGTAAT,938,3166.4978,0.0,0.0,False
D175_CATACAGAGATGAACT,549,2274.826,0.0,0.0,False
D175_CATACCCAGGTAAACT,1662,4268.2764,0.0,0.0,False
D175_CATCCGTAGCACCTGC,1308,3740.6182,0.0,0.0,False
D175_CATCGCTAGCCTTTCC,1317,3759.8955,0.0,0.0,False
D175_CATGGTATCTAGTACG,2327,4627.5273,0.0,0.0,False
D175_CATTCATGTCCGATCG,1188,3648.929,0.0,0.0,False
D175_CATTGTTGTATACGGG,3108,5292.925,0.0,0.0,False
D175_CCACCATCACTAGGTT,3439,5487.2876,0.0,0.0,False
D175_CCATCACTCCCATGGG,2047,4693.454,0.0,0.0,False
D175_CCCTTAGCAGCCTTCT,1677,4250.0107,0.0,0.0,False
D175_CCGTGAGAGCATCTTG,2632,5179.306,0.0,0.0,False
D175_CCTAAGAGTGCGGTAA,510,2103.146,0.0,0.0,False
D175_CCTACGTGTTTCACTT,1692,4226.1025,0.0,0.0,False
D175_CCTGCATCATGGGCAA,2085,4780.226,0.0,0.0,False
D175_CGGAATTTCCGAGGCT,733,2728.9219,0.0,0.0,False
D175_CGGCAGTGTTATGTGC,1492,4075.4026,0.0,0.0,False
D175_CGTCAAAGTACTCGCG,3156,5253.9707,0.0,0.0,False
D175_CGTTAGACACTACGGC,1793,4459.1953,0.0,0.0,False
D175_CGTTGGGGTAACATGA,769,2823.3164,0.0,0.0,False
D175_CTACCTGTCATGGCCG,673,2577.6292,0.0,0.0,False
D175_CTCCAACAGTCACACT,1305,3775.162,0.0,0.0,False
D175_CTCCAACGTATACCTG,679,2605.7825,0.0,0.0,False
D175_CTCCTCCTCAGTCTTT,898,3079.7559,0.0,0.0,False
D175_CTCTCAGCAGGTAGTG,627,2424.3518,0.0,0.0,False
D175_CTGATCCTCTTGTTAC,1568,4065.9622,0.0,0.0,False
D175_CTGCCTACACGGCCAT,3442,5483.919,0.0,0.0,False
D175_CTGGCAGGTCCTGTCT,1218,3562.056,0.0,0.0,False
D175_CTGTATTAGGATTTAG,510,2174.8582,0.0,0.0,False
D175_CTTTCGGAGGCGTTAG,852,3005.8516,0.0,0.0,False
D175_CTTTCGGAGTTTCTTC,1416,3876.6584,0.0,0.0,False
D175_GAACTGTCATCGAGCC,1062,3436.944,0.0,0.0,False
D175_GAAGCGACAGCGTAGA,3966,5957.7275,0.0,0.0,False
D175_GAAGTAATCGCAGTGC,2376,5043.9424,0.0,0.0,False
D175_GAATAGAAGATACAGT,840,2988.7012,0.0,0.0,False
D175_GAATAGATCTTGGATG,1042,3345.0776,0.0,0.0,False
D175_GAATCGTAGTTCCATG,681,2620.5674,0.0,0.0,False
D175_GAATCGTGTCAAACGG,1476,4059.3237,0.0,0.0,False
D175_GACCAATTCCGGACGT,1793,4370.0166,0.0,0.0,False
D175_GACCCTTAGGTCGTGA,2258,4823.631,0.0,0.0,False
D175_GACTCTCTCGCCAGTG,1164,3558.0483,0.0,0.0,False
D175_GAGAAATAGGCAATGC,1746,4313.2554,0.0,0.0,False
D175_GAGTCATCACCGTCTT,787,2862.536,0.0,0.0,False
D175_GAGTCTACATCTCATT,586,2384.364,0.0,0.0,False
D175_GATGCTATCTCTCGCA,1949,4650.746,0.0,0.0,False
D175_GATTCGAGTCTGCATA,987,3242.6326,0.0,0.0,False
D175_GCAACATTCGAGTCCG,1796,4423.556,0.0,0.0,False
D175_GCAGCCACACCGCTAG,663,2559.455,0.0,0.0,False
D175_GCAGGCTTCTGAGCAT,3667,5496.769,0.0,0.0,False
D175_GCCGATGGTCAAGTTC,3147,5264.9023,0.0,0.0,False
D175_GCCGTGAAGCCGCACT,1632,4239.077,0.0,0.0,False
D175_GCGGAAAAGCGAGTAC,893,3088.237,0.0,0.0,False
D175_GCTACCTAGGCGCTCT,1369,3911.766,0.0,0.0,False
D175_GCTACCTCACAGCTTA,2829,5100.937,0.0,0.0,False
D175_GCTACCTTCCATCGTC,1179,3605.974,0.0,0.0,False
D175_GCTCAAAAGAAATGGG,2312,4816.9175,0.0,0.0,False
D175_GCTTGGGCACACTGGC,612,2429.733,0.0,0.0,False
D175_GGAGATGGTACTGCCG,755,2799.787,0.0,0.0,False
D175_GGAGGTAAGCCTGAAG,538,2221.154,0.0,0.0,False
D175_GGAGGTATCGTGCATA,1009,3339.0417,0.0,0.0,False
D175_GGATCTATCGAAGCAG,3139,5266.3975,0.0,0.0,False
D175_GGCTGTGCAACTTGCA,1219,3687.8882,0.0,0.0,False
D175_GGGCTACAGACCTCCG,1563,4138.921,0.0,0.0,False
D175_GGGTATTTCGATTGAC,672,2579.765,0.0,0.0,False
D175_GGGTCACAGAACTCCT,3628,5516.3086,0.0,0.0,False
D175_GGGTCACCAGAACATA,2161,4779.306,0.0,0.0,False
D175_GGGTCTGAGGTTACCT,1977,4619.8145,0.0,0.0,False
D175_GGGTCTGTCAAGAATG,1853,4376.2964,0.0,0.0,False
D175_GGGTTTAAGAAATTGC,905,3120.3833,0.0,0.0,False
D175_GGTAACTCAGCATGCC,993,3236.091,0.0,0.0,False
D175_GGTAGAGAGTCGAATA,2943,5266.656,0.0,0.0,False
D175_GGTAGAGTCACGGGCT,894,3075.8533,0.0,0.0,False
D175_GTAACACCAGAACTCT,672,2592.1677,0.0,0.0,False
D175_GTAACACTCACCATCC,2734,5036.991,0.0,0.0,False
D175_GTAGATCGTTCATCGA,2228,4787.764,0.0,0.0,False
D175_GTCTAGAAGAATTTGG,576,2347.454,0.0,0.0,False
D175_GTGTGGCAGAGTCCGA,2590,4959.0933,0.0,0.0,False
D175_GTGTTAGAGTAGTCTC,1191,3614.7712,0.0,0.0,False
D175_GTTACGACAGCTGCCA,779,2843.4116,0.0,0.0,False
D175_GTTATGGCATGGCTGC,2537,5019.719,0.0,0.0,False
D175_GTTCATTAGGAGAATG,1210,3628.0352,0.0,0.0,False
D175_GTTCGCTCATTGTACG,3092,5304.826,0.0,0.0,False
D175_GTTGCTCCACTCCCTA,3562,5303.549,0.0,0.0,False
D175_GTTGTAGCACAGGATG,992,3272.773,0.0,0.0,False
D175_TAACACGCATATCTCT,3163,5448.7456,0.0,0.0,False
D175_TAACTTCTCCGAAATC,1533,4170.2266,0.0,0.0,False
D175_TACCCGTGTTACCCAA,1057,3372.1628,0.0,0.0,False
D175_TACTGCCCACTCCACT,2391,4630.655,0.0,0.0,False
D175_TACTTACAGAATTGCA,947,3201.7468,0.0,0.0,False
D175_TAGGGTTAGCGGTATG,515,2204.512,0.0,0.0,False
D175_TAGTGCAGTGTCACAT,2677,5217.258,0.0,0.0,False
D175_TATGTTCAGCCTCTGG,1192,3568.2075,0.0,0.0,False
D175_TATTGCTAGAATCGAT,1302,3685.4453,0.0,0.0,False
D175_TCAATTCCACCGTACG,1096,3424.179,0.0,0.0,False
D175_TCACGCTAGTCGTCTA,1726,4381.9824,0.0,0.0,False
D175_TCATGGATCGAAGCCC,1660,3948.0864,0.0,0.0,False
D175_TCCAGAACAGGTCCGT,1402,3917.4292,0.0,0.0,False
D175_TCCATCGAGAAACTAC,847,2982.3352,0.0,0.0,False
D175_TCCATGCGTCTCCTGT,953,3224.8638,0.0,0.0,False
D175_TCCCACACATCCTATT,3283,5324.958,0.0,0.0,False
D175_TCCGATCGTAGTCGGA,1339,3854.0513,0.0,0.0,False
D175_TCTATCATCCGTACGG,3976,5583.2,0.0,0.0,False
D175_TCTGGCTAGCACGGAT,1109,3452.864,0.0,0.0,False
D175_TGAATCGAGATGAATC,1368,3859.766,0.0,0.0,False
D175_TGAGCATTCCGATGTA,541,2240.0276,0.0,0.0,False
D175_TGATCAGAGGTAGACC,632,2509.0598,0.0,0.0,False
D175_TGATGGTCACTATCCC,1084,3430.421,0.0,0.0,False
D175_TGATTTCCACTTGGCG,922,3127.8743,0.0,0.0,False
D175_TGCTTCGTCCGCAGTG,2212,4699.53,0.0,0.0,False
D175_TGGATGTCAAATCAAG,2400,4893.39,0.0,0.0,False
D175_TGGGAAGAGATGCTAA,543,2278.791,0.0,0.0,False
D175_TGGGTTAAGCCTCCAG,1481,4061.6936,0.0,0.0,False
D175_TGTACAGAGTGTTCCA,566,2342.1694,0.0,0.0,False
D175_TGTGATGAGGGTTAAT,1405,3936.0999,0.0,0.0,False
D175_TGTGGCGCACCTAAAC,844,2979.0964,0.0,0.0,False
D175_TGTGGCGTCTCGTGGG,536,2252.2542,0.0,0.0,False
D175_TTACAGGCATCGAGCC,609,2440.8152,0.0,0.0,False
D175_TTCAATCTCGTCGATA,2107,4651.173,0.0,0.0,False
D175_TTCATTGCACCGGAAA,2058,4652.028,0.0,0.0,False
D175_TTGCATTGTACTGACT,1057,3366.5369,0.0,0.0,False
D175_TTTACCACAATACAGA,1117,3359.3977,0.0,0.0,False
D175_TTTAGTCCAATTGCCA,882,3025.4543,0.0,0.0,False
D175_TTTAGTCTCAAGCCTA,965,3236.4915,0.0,0.0,False
D175_TTTCACATCTCTGAGA,2364,4874.6973,0.0,0.0,False
D175_AAAGGATTCCGCGATG,1249,3634.462,0.0,0.0,False
D175_AATTCCTGTGCCGGTT,522,2204.3215,0.0,0.0,False
D175_ACCAAACTCTCGACCT,1496,4003.3604,0.0,0.0,False
D175_ACTATTCTCGCGCCAA,587,2365.3245,0.0,0.0,False
D175_ACTCCCAAGCATCCTA,571,2296.4634,0.0,0.0,False
D175_AGAGCAGTCAGGCGAA,1693,4192.1787,0.0,0.0,False
D175_AGCATCATCCGGACGT,684,2518.4692,0.0,0.0,False
D175_AGCCAGCGTTCTCGTC,1013,3280.6682,0.0,0.0,False
D175_AGCTCAAAGCGGGTAT,1215,3461.6663,0.0,0.0,False
D175_AGTCACATCTGCTTTA,1692,4146.508,0.0,0.0,False
D175_AGTTCGATCGTCCTCA,1597,4069.7974,0.0,0.0,False
D175_ATCAGGTCAAGGCTTT,1306,3722.059,0.0,0.0,False
D175_ATGCCTCTCGTGACTA,699,2602.518,0.0,0.0,False
D175_ATTACCTTCCCATGGG,1157,3428.757,0.0,0.0,False
D175_ATTCCATGTTTGCCGG,1512,3978.7969,0.0,0.0,False
D175_ATTCCCGAGTATGTAG,1409,3786.1177,0.0,0.0,False
D175_ATTCGTTTCCAACCGG,690,2588.2834,0.0,0.0,False
D175_ATTTCTGGTCCCGCAA,529,2197.079,0.0,0.0,False
D175_CAAAGAAGTTAGAGAT,2077,4668.6475,0.0,0.0,False
D175_CAGTGCGTCCATCTGC,1356,3811.8718,0.0,0.0,False
D175_CATAGACGTGTTTACG,507,2136.4343,0.0,0.0,False
D175_CATTCCGGTCTAATCG,807,2848.0774,0.0,0.0,False
D175_CATTGCCGTGCCTACG,761,2718.7883,0.0,0.0,False
D175_CCTCACAGTATCGTAC,719,2635.8665,0.0,0.0,False
D175_CTACAGAAGACTGAGC,558,2286.9465,0.0,0.0,False
D175_CTCAACCGTGCCTAAT,882,2944.0884,0.0,0.0,False
D175_CTCCAACTCAATCTCT,526,2189.7422,0.0,0.0,False
D175_GAAGCGACACAAAGTA,801,2844.82,0.0,0.0,False
D175_GAGTTGTAGTACAGAT,700,2637.942,0.0,0.0,False
D175_GATCAGTTCATAAGGA,1187,3549.2603,0.0,0.0,False
D175_GCACTAACAGAGTCTT,2468,4897.1523,0.0,0.0,False
D175_GCAGCTGTCGGCATAT,558,2295.916,0.0,0.0,False
D175_GCGATCGTCCCTGGTT,505,2151.7427,0.0,0.0,False
D175_GCGGAAACAGCTGAGA,2198,4646.588,0.0,0.0,False
D175_GGCTTGGCAAATGCGG,848,2943.955,0.0,0.0,False
D175_GGGACCTCAGCAGTGA,1207,3511.1309,0.0,0.0,False
D175_GGGCTCAGTTGGGACA,691,2590.5654,0.0,0.0,False
D175_GGTGAAGAGTGGTTGG,806,2854.257,0.0,0.0,False
D175_GGTTAACCATGTCAGT,544,2258.3809,0.0,0.0,False
D175_GTAACACGTAGCACAG,1417,3789.839,0.0,0.0,False
D175_GTACAGTGTCTTTATC,1436,3822.0662,0.0,0.0,False
D175_GTAGGTTTCGTTCATT,753,2721.5212,0.0,0.0,False
D175_GTCACTCAGGAATTAC,519,2155.8364,0.0,0.0,False
D175_TAACCAGAGTTCTACG,961,3154.7263,0.0,0.0,False
D175_TACCGGGGTTGAGGAC,543,2240.371,0.0,0.0,False
D175_TACCGGGTCCGCATAA,623,2351.4888,0.0,0.0,False
D175_TACTTACGTTAAGTCC,624,2469.9192,0.0,0.0,False
D175_TCAATTCTCCAGCCTT,561,2312.7524,0.0,0.0,False
D175_TCCTCCCGTCCATACA,722,2682.6833,0.0,0.0,False
D175_TGAGGAGGTTGCCATA,1493,3940.43,0.0,0.0,False
D175_TGCAGATTCTCCGTGT,1129,3495.817,0.0,0.0,False
D175_TGCAGTATCAAAGCCT,839,2858.4937,0.0,0.0,False
D175_TGCATCCCAAGAGCTG,2601,4892.3154,0.0,0.0,False
D175_TGCTCGTTCAGGAAGC,695,2669.1428,0.0,0.0,False
D175_TGTAAGCAGCACCTGC,1151,3562.5605,0.0,0.0,False
D175_TGTACAGAGACGTCGA,1956,4496.1265,0.0,0.0,False
D175_TGTTACTAGAGCAACC,740,2701.2847,0.0,0.0,False
D175_TGTTACTGTGGACTGA,1446,3906.5103,0.0,0.0,False
D175_TTCAATCCAAACACGG,943,3136.333,0.0,0.0,False
D175_TTCCAATCAGGTCCGT,1429,3921.5098,0.0,0.0,False
D175_TTCCGTGCACATTACG,1482,4029.8738,0.0,0.0,False
D175_TTGCCTGGTTAGAAAC,1064,3314.5212,0.0,0.0,False
D175_TTTAGTCAGCAGGTCA,1728,4344.5312,0.0,0.0,False
D175_AGTGATCAGGTTCTAC,2340,5045.578,0.0,0.0,False
D175_ATGCATGTCCCAGCGA,3669,5813.868,0.0,0.0,False
D175_TCTGCCATCCATTCGC,3874,5672.23,0.0,0.0,False
D175_TGATTCTGTGCCTTTC,933,3154.41,0.0,0.0,False
D175_AAGCCATTCCTCACCA,555,2292.7659,0.0,0.0,False
D175_AATGGCTGTCGCATTA,2663,5210.4985,0.0,0.0,False
D175_ACAACCATCGGCTGAC,513,2184.7847,0.0,0.0,False
D175_ACGATCATCACTCGAA,647,2528.298,0.0,0.0,False
D175_ACGATGTAGGGAGAAT,621,2360.5374,0.0,0.0,False
D175_ACGTAGTGTTGCGAAG,774,2826.4878,0.0,0.0,False
D175_ACTGTGAGTCTCGCGA,1398,3900.9197,0.0,0.0,False
D175_ACTGTGAGTGGCTCTG,1853,4424.9287,0.0,0.0,False
D175_ACTTTCAGTACCCGCA,1712,4300.1514,0.0,0.0,False
D175_AGCGCCAAGGTGCGAT,781,2803.198,0.0,0.0,False
D175_AGGAATACAATACAGA,681,2637.8613,0.0,0.0,False
D175_AGGAGGTGTAGACGTG,608,2446.176,0.0,0.0,False
D175_AGTCATGAGGTGATCG,546,2262.629,0.0,0.0,False
D175_AGTCATGCAGGAATAT,819,2939.2798,0.0,0.0,False
D175_ATACTTCCATAACCCA,775,2765.8545,0.0,0.0,False
D175_ATGACCATCCCAACTC,1044,3311.7078,0.0,0.0,False
D175_ATGAGGGTCTCATTAC,2071,4715.6577,0.0,0.0,False
D175_ATGGGTTAGCCTGCCA,1154,3469.2686,0.0,0.0,False
D175_CAACGATTCGGAGATG,3378,5698.567,0.0,0.0,False
D175_CACCAAAAGAAGAACG,1028,3273.1118,0.0,0.0,False
D175_CAGGCCACAGGTTACT,2069,4591.0767,0.0,0.0,False
D175_CAGGTATCAAGAATAC,2183,4766.124,0.0,0.0,False
D175_CATGAGTGTACCGTCG,565,2297.418,0.0,0.0,False
D175_CCCAACTAGCTCATAC,2846,5139.33,0.0,0.0,False
D175_CCTTCAGTCTATCACT,2679,4979.523,0.0,0.0,False
D175_CGGGTGTCACAAGCTT,1422,3880.0854,0.0,0.0,False
D175_CTAAGTGGTGAGACGT,542,2254.3457,0.0,0.0,False
D175_CTAAGTGGTGTCATCA,1163,3493.1199,0.0,0.0,False
D175_CTATCTAAGACTGAGC,1284,3805.1348,0.0,0.0,False
D175_CTCAGAAGTCTACTGA,772,2825.2476,0.0,0.0,False
D175_CTCATCGAGTTGTAGA,1117,3517.172,0.0,0.0,False
D175_CTCATGCAGCAATTAG,1059,3401.12,0.0,0.0,False
D175_CTGAATGCAAACGTGG,708,2680.4949,0.0,0.0,False
D175_CTTTCGGGTCCTCCAT,671,2607.6948,0.0,0.0,False
D175_GAAGTAAGTGGTCCCA,859,2967.9304,0.0,0.0,False
D175_GAGTGTTTCGTCGGGT,563,2238.4385,0.0,0.0,False
D175_GCTGCAGCACAGGATG,535,2231.1113,0.0,0.0,False
D175_TACCTCGGTGTTGAGG,586,2381.676,0.0,0.0,False
D175_TACTTCACACTGAATC,1298,3644.919,0.0,0.0,False
D175_TCACTATAGCGAACTG,574,2356.4146,0.0,0.0,False
D175_TCCCACACAATTGAGA,1126,3513.6597,0.0,0.0,False
D175_TCCTAATTCGCGAAGA,969,3206.6228,0.0,0.0,False
D175_TGACGCGGTCCTGGGT,677,2430.8538,0.0,0.0,False
D175_TGGTTAGCATTAGGAA,804,2911.66,0.0,0.0,False
D175_TTACGTTCAGGCTCTG,989,3221.7903,0.0,0.0,False
D175_TTATTGCAGCAGCCCT,543,2260.5115,0.0,0.0,False
D175_TTCCGTGCAAACGAGC,645,2416.9785,0.0,0.0,False
D175_TTCTCTCCATTCGGGC,727,2714.5994,0.0,0.0,False
D175_TTGAGTGTCGCTTTAT,825,2930.0234,0.0,0.0,False
D175_TTTATGCCACACCTAA,731,2716.9387,0.0,0.0,False
D175_CGGGCATCATTCCTCG,771,2805.4873,0.0,0.0,False
D175_AGCCAGCTCGTCGACG,1950,4572.083,0.0,0.0,False
D175_TGTAGACGTGAGGCAT,1369,3909.0818,0.0,0.0,False
D175_AAACGAAAGTTGGAAT,1523,4012.391,0.0,0.0,False
D175_AAATGGAAGGGTGAGG,1365,3770.1143,0.0,0.0,False
D175_AACAAAGCAGGCTCTG,943,3140.6597,0.0,0.0,False
D175_AACAAGACAGCAGGAT,608,2423.3442,0.0,0.0,False
D175_AACCATGAGCGTTAGG,1549,4085.936,0.0,0.0,False
D175_AACGTCACAAATACGA,3290,5383.7373,0.0,0.0,False
D175_AAGAACAAGGTAGTCG,1361,3858.135,0.0,0.0,False
D175_AAGCATCAGAGCAACC,2666,4977.4546,0.0,0.0,False
D175_AAGCATCCAAAGGAGA,2283,4600.251,0.0,0.0,False
D175_AAGCGTTCACTGTGAT,1633,4191.495,0.0,0.0,False
D175_AAGCGTTTCGTTCTAT,1285,3744.43,0.0,0.0,False
D175_AAGGAATTCGTCGGGT,1906,4473.3965,0.0,0.0,False
D175_AAGTCGTAGTCACACT,2595,5192.7617,0.0,0.0,False
D175_ACAACCAAGTCAGCCC,2787,5065.8433,0.0,0.0,False
D175_ACAACCAGTAAGAACT,756,2662.0754,0.0,0.0,False
D175_ACATCGATCCATCTAT,2915,5155.829,0.0,0.0,False
D175_ACCTGAAGTTCCGTTC,2879,5128.3164,0.0,0.0,False
D175_ACGTAACCACAATGAA,658,2567.434,0.0,0.0,False
D175_ACGTAGTGTGGCCCAT,1486,3959.902,0.0,0.0,False
D175_ACTATGGTCCATTGTT,2570,4971.313,0.0,0.0,False
D175_ACTTTGTAGGACAGTC,2903,5209.1226,0.0,0.0,False
D175_AGAACCTAGTCATAGA,2069,4638.641,0.0,0.0,False
D175_AGAAGCGGTAAGATAC,1896,4424.6045,0.0,0.0,False
D175_AGACAGGAGTTTCGGT,3096,5431.7627,0.0,0.0,False
D175_AGAGAATGTTGCAAGG,1123,3504.3215,0.0,0.0,False
D175_AGCCACGAGTGTGTTC,1696,4300.2935,0.0,0.0,False
D175_AGCTTCCTCGCCTAGG,1846,4353.824,0.0,0.0,False
D175_AGGACGAGTCTTTCAT,1165,3540.296,0.0,0.0,False
D175_AGGCATTTCACCCTCA,1595,4017.7417,0.0,0.0,False
D175_AGGGAGTTCGAGTTGT,1793,4382.5684,0.0,0.0,False
D175_AGGGCCTGTCAAACGG,982,3215.6433,0.0,0.0,False
D175_AGGGTGACATTGTGCA,721,2712.63,0.0,0.0,False
D175_AGGGTTTTCGCAATTG,1317,3802.4705,0.0,0.0,False
D175_AGTACTGGTCCAGCAC,3695,5347.7163,0.0,0.0,False
D175_AGTGCCGTCCTTCTGG,739,2606.579,0.0,0.0,False
D175_AGTTCGACAGTATGAA,2220,4766.1123,0.0,0.0,False
D175_ATAGACCTCACCGCTT,3261,5140.692,0.0,0.0,False
D175_ATCACTTCAGAGAGGG,1264,3754.2554,0.0,0.0,False
D175_ATCAGGTTCATGCCGG,3301,5513.3076,0.0,0.0,False
D175_ATCCACCTCCGGACTG,1564,4153.573,0.0,0.0,False
D175_ATCCGTCAGACGACTG,2389,4711.0845,0.0,0.0,False
D175_ATCGTCCCAAACTAGA,1688,4132.313,0.0,0.0,False
D175_ATGATCGTCCAATCTT,1795,4398.067,0.0,0.0,False
D175_ATTACTCAGGACTGGT,2177,4776.173,0.0,0.0,False
D175_ATTCACTCATGTCGTA,1921,4431.4497,0.0,0.0,False
D175_ATTCGTTGTCCTTGTC,708,2671.1792,0.0,0.0,False
D175_CAACAGTAGGTTGCCC,2159,4818.4775,0.0,0.0,False
D175_CAACCAACAAGTATCC,1908,4491.9224,0.0,0.0,False
D175_CAAGAGGAGTCTCTGA,1201,3609.7363,0.0,0.0,False
D175_CACAACACAGCGAGTA,1410,3953.0813,0.0,0.0,False
D175_CACGAATGTGATATAG,1296,3792.364,0.0,0.0,False
D175_CACTAAGAGGGACAGG,570,2334.1025,0.0,0.0,False
D175_CACTAAGCAAACTAGA,2494,4920.863,0.0,0.0,False
D175_CATGCAATCACCACAA,3485,5576.704,0.0,0.0,False
D175_CATGCGGAGTGATCGG,1361,3757.8796,0.0,0.0,False
D175_CCAAGCGCACCGGAAA,1350,3855.3523,0.0,0.0,False
D175_CCAATGAAGGCACGAT,1172,3528.497,0.0,0.0,False
D175_CCATAAGGTCTCAAGT,1879,4421.583,0.0,0.0,False
D175_CCCTTAGGTCCGGCAT,1715,4087.8916,0.0,0.0,False
D175_CCGGACAAGAAACACT,520,2177.423,0.0,0.0,False
D175_CCGTAGGAGGAATTAC,1371,3821.8618,0.0,0.0,False
D175_CCTAACCCACGCCACA,3229,5289.202,0.0,0.0,False
D175_CCTCAGTGTGCCTGCA,645,2522.5205,0.0,0.0,False
D175_CCTCAGTTCATTGCTT,2365,4740.5513,0.0,0.0,False
D175_CCTGTTGTCTCGCTTG,638,2511.933,0.0,0.0,False
D175_CGAAGTTCAACACGTT,3334,5421.2407,0.0,0.0,False
D175_CGCATAAGTCTCACAA,1047,3344.7402,0.0,0.0,False
D175_CGCATAATCTGCTTTA,928,3146.182,0.0,0.0,False
D175_CGGAACCTCCCAGGAC,787,2769.9912,0.0,0.0,False
D175_CGGAATTTCCTCTTTC,993,3159.7505,0.0,0.0,False
D175_CGTAAGTGTTACGTAC,1450,3952.026,0.0,0.0,False
D175_CGTAATGAGGGTACAC,766,2778.1667,0.0,0.0,False
D175_CTACATTGTGTCTCCT,695,2612.898,0.0,0.0,False
D175_CTACTATCAGGTGTTT,3511,5459.13,0.0,0.0,False
D175_CTAGACACAATTCTCT,2562,4823.5737,0.0,0.0,False
D175_CTATCTATCTCTAAGG,3040,5157.0254,0.0,0.0,False
D175_CTCAATTGTTAGGAGC,2254,4778.219,0.0,0.0,False
D175_CTCAGTCGTGCAGATG,2028,4618.6113,0.0,0.0,False
D175_CTCATCGTCACCTCGT,2937,4953.8013,0.0,0.0,False
D175_CTCGAGGAGCAGTACG,2181,4748.957,0.0,0.0,False
D175_CTGAATGCACTTGACA,3048,5331.938,0.0,0.0,False
D175_CTGCCATGTAGTAAGT,2532,4939.9736,0.0,0.0,False
D175_CTGTACCCAATTGCCA,3106,5167.756,0.0,0.0,False
D175_CTGTAGACATCGCTGG,2406,4895.91,0.0,0.0,False
D175_CTTCAATAGTGTACAA,2774,5021.7896,0.0,0.0,False
D175_CTTCCTTAGGACTTCT,3238,5184.248,0.0,0.0,False
D175_CTTCTAATCAAACCCA,656,2518.51,0.0,0.0,False
D175_GAAGGACTCGCACTCT,3098,5185.0596,0.0,0.0,False
D175_GAATCACAGATTGCGG,2348,4847.7695,0.0,0.0,False
D175_GACCTTCAGTTTGAGA,1373,3892.3486,0.0,0.0,False
D175_GACTATGGTGGTCTCG,587,2376.4734,0.0,0.0,False
D175_GAGCCTGTCTCGAACA,959,3189.921,0.0,0.0,False
D175_GAGGCAACAATAGAGT,2725,5043.262,0.0,0.0,False
D175_GATCAGTGTTGTAAAG,2379,4779.8574,0.0,0.0,False
D175_GATCGTAAGCCACCGT,807,2832.8206,0.0,0.0,False
D175_GATTCGACATAGGCGA,3215,5298.284,0.0,0.0,False
D175_GCAACATTCTATACTC,3164,5109.905,0.0,0.0,False
D175_GCACGGTTCGTTGCCT,1375,3855.4106,0.0,0.0,False
D175_GCACGTGCAGTGAGCA,504,2170.092,0.0,0.0,False
D175_GCAGCCAAGGTGCTAG,1822,4308.0825,0.0,0.0,False
D175_GCATCTCTCCTCACTG,1152,3427.9272,0.0,0.0,False
D175_GCCAGGTGTATACAGA,569,2276.7153,0.0,0.0,False
D175_GCCGTGACATCTCAAG,1444,3950.9604,0.0,0.0,False
D175_GCGGAAATCAGTCATG,2097,4597.0957,0.0,0.0,False
D175_GCTGAATTCGATTGAC,3497,5572.5835,0.0,0.0,False
D175_GCTTTCGCAGAATCGG,1531,3986.0872,0.0,0.0,False
D175_GGCGTCATCTTAGGAC,911,3057.3806,0.0,0.0,False
D175_GGGCTACGTCGCGTTG,2241,4603.455,0.0,0.0,False
D175_GGGTGAATCTATGTGG,722,2597.5374,0.0,0.0,False
D175_GGTAATCGTGTCCAAT,2853,5212.8105,0.0,0.0,False
D175_GGTGAAGTCACCATGA,2916,5146.471,0.0,0.0,False
D175_GGTTAACCAGCAGTGA,1685,4181.1865,0.0,0.0,False
D175_GGTTAACTCACGTAGT,584,2346.0564,0.0,0.0,False
D175_GTAACACAGTCATAGA,711,2699.3896,0.0,0.0,False
D175_GTAGATCGTACATTGC,1902,4449.5493,0.0,0.0,False
D175_GTCAAGTAGACTTCAC,2331,4972.2065,0.0,0.0,False
D175_GTCCTCAAGTCGCGAA,2918,5095.318,0.0,0.0,False
D175_GTCGCGAGTCCCAAAT,643,2501.5928,0.0,0.0,False
D175_GTGTCCTAGTAGCAAT,2190,4806.2954,0.0,0.0,False
D175_GTTTGGAGTATGCGTT,2283,4738.207,0.0,0.0,False
D175_TAACACGGTCGAGCTC,2061,4669.281,0.0,0.0,False
D175_TAAGTCGTCATCAGTG,2129,4618.6147,0.0,0.0,False
D175_TACATTCCATGGTACT,599,2386.4893,0.0,0.0,False
D175_TACCGGGCACATACGT,631,2439.761,0.0,0.0,False
D175_TACCTCGAGATGCTTC,671,2544.8325,0.0,0.0,False
D175_TACTGCCAGTCGCTAT,912,3102.411,0.0,0.0,False
D175_TACTTACAGATGCTGG,1992,4536.916,0.0,0.0,False
D175_TAGACCAAGTGAGGTC,2042,4672.4707,0.0,0.0,False
D175_TAGACTGCACTCCTTG,2620,4756.9785,0.0,0.0,False
D175_TAGGTTGAGAGCCTGA,1249,3648.102,0.0,0.0,False
D175_TAGTGCAGTCTAGTGT,693,2662.9248,0.0,0.0,False
D175_TATCTGTAGGAAAGTG,1347,3848.3997,0.0,0.0,False
D175_TATTTCGGTGGTCAAG,927,3160.651,0.0,0.0,False
D175_TCAAGCAGTGTTCATG,2672,5186.8496,0.0,0.0,False
D175_TCAAGCATCTACGGTA,3211,5100.1094,0.0,0.0,False
D175_TCAATCTAGCAACTTC,3555,5497.129,0.0,0.0,False
D175_TCACAAGCACCTGTCT,1471,3925.4873,0.0,0.0,False
D175_TCACATTTCCAAGGGA,3060,5364.432,0.0,0.0,False
D175_TCATGAGAGTGTTCCA,1239,3523.2178,0.0,0.0,False
D175_TCATGTTGTCGGATTT,3085,5245.2705,0.0,0.0,False
D175_TCATTACGTAAGACCG,1163,3404.7893,0.0,0.0,False
D175_TCATTCACACGTACTA,2076,4595.116,0.0,0.0,False
D175_TCCAGAACAGGTAGTG,664,2586.064,0.0,0.0,False
D175_TCCTAATGTAGCTCGC,3369,5403.828,0.0,0.0,False
D175_TCCTCGATCTTGAACG,1150,3517.3586,0.0,0.0,False
D175_TCGAACAGTATCCCAA,1234,3687.9941,0.0,0.0,False
D175_TCGAACATCGGTGAAG,1435,3908.9045,0.0,0.0,False
D175_TCGTGGGTCCAGTGCG,2152,4636.143,0.0,0.0,False
D175_TCTATACTCAGACTGT,2358,5086.362,0.0,0.0,False
D175_TCTATCATCATGAAAG,2391,4909.6084,0.0,0.0,False
D175_TGACAGTCACCTCGTT,524,2201.8699,0.0,0.0,False
D175_TGACGCGCACGCTGAC,3011,5292.305,0.0,0.0,False
D175_TGATGCATCGTAGCCG,2669,4973.333,0.0,0.0,False
D175_TGCATCCTCGCTTAAG,1709,4213.6367,0.0,0.0,False
D175_TGGGAGACATTCAGCA,1834,4265.154,0.0,0.0,False
D175_TGTGATGTCAATGTCG,1621,4211.304,0.0,0.0,False
D175_TTACCATAGTTCCGTA,2917,4989.2896,0.0,0.0,False
D175_TTACGCCAGTAGTCAA,3710,5397.4194,0.0,0.0,False
D175_TTATTGCGTCCACATA,2794,4991.283,0.0,0.0,False
D175_TTCAATCAGTCGCCCA,1357,3849.9983,0.0,0.0,False
D175_TTCCAATAGACCCGCT,757,2717.268,0.0,0.0,False
D175_TTCCGTGAGGTCACAG,885,3087.3237,0.0,0.0,False
D175_TTGCCTGTCGTCTCAC,714,2660.7043,0.0,0.0,False
D175_TTTGACTGTGTCCAAT,834,2953.3838,0.0,0.0,False
D175_TTTGGAGAGTTCGGTT,799,2886.4731,0.0,0.0,False
D175_TTTGGTTAGTAAACTG,1946,4461.6084,0.0,0.0,False
D175_ACAGGGAGTTAGAGAT,1232,3613.5908,0.0,0.0,False
D175_ACCTGAATCACACCGG,1310,3651.182,0.0,0.0,False
D175_ACGTAGTCAACGGTAG,927,3073.279,0.0,0.0,False
D175_AGAAATGAGAGCAGCT,670,2583.971,0.0,0.0,False
D175_AGCATCATCGGACTGC,2553,4759.8364,0.0,0.0,False
D175_AGTCATGGTTCAGCTA,1852,4322.029,0.0,0.0,False
D175_AGTTCGAAGATACGAT,1568,4110.8335,0.0,0.0,False
D175_ATCGTCCAGAGGACTC,1182,3401.036,0.0,0.0,False
D175_CAATGACTCGTCTAAG,2104,4597.3364,0.0,0.0,False
D175_CAATTTCCATGGCCCA,2317,4678.39,0.0,0.0,False
D175_CAGCAATCAGGTTCCG,2247,4535.4746,0.0,0.0,False
D175_CCCGAAGCAGTGTATC,2819,5070.672,0.0,0.0,False
D175_CCGCAAGGTCCGACGT,2320,4590.8916,0.0,0.0,False
D175_CGATGCGAGCTCCATA,2744,5076.8843,0.0,0.0,False
D175_CGTAATGGTTGGGATG,979,3188.8882,0.0,0.0,False
D175_CTTTCGGTCTCAGTCC,1041,3354.2175,0.0,0.0,False
D175_GAATCACGTGTCCCTT,2009,4332.148,0.0,0.0,False
D175_GATGATCGTGGACTGA,2152,4430.1255,0.0,0.0,False
D175_GCTTCACGTGGATCAG,1070,3400.742,0.0,0.0,False
D175_GGGCGTTTCTAGGCAT,2977,5207.753,0.0,0.0,False
D175_GTAGGTTAGGTCGTCC,2762,5028.831,0.0,0.0,False
D175_GTGAGTTGTTGAGTCT,803,2826.8945,0.0,0.0,False
D175_GTGGAGATCCCGTGAG,1198,3545.4966,0.0,0.0,False
D175_GTGTGGCGTGCGAACA,935,3094.0784,0.0,0.0,False
D175_GTGTTAGGTCGACGCT,1959,4246.55,0.0,0.0,False
D175_TATATCCAGCATGAAT,2808,5081.661,0.0,0.0,False
D175_TATGTTCGTGAGTTTC,1279,3774.2397,0.0,0.0,False
D175_TCATATCTCTGGGCCA,2939,5262.3423,0.0,0.0,False
D175_TCATGCCCAAGTGCTT,2057,4239.749,0.0,0.0,False
D175_TCCAGAAAGGTTAGTA,559,2291.3665,0.0,0.0,False
D175_TCCATCGCAGAAACCG,947,3129.2026,0.0,0.0,False
D175_TGACAGTAGCGTACAG,1728,4159.439,0.0,0.0,False
D175_TGGGCTGAGGTGATCG,3418,5502.828,0.0,0.0,False
D175_TTCTAGTTCGGCCAAC,3262,5193.361,0.0,0.0,False
D175_TTGGGCGTCTGTGCAA,1836,4326.069,0.0,0.0,False
D175_AAAGGTAGTTCCAGGC,1186,3593.028,0.0,0.0,False
D175_AATCACGGTTCGAACT,1832,4402.765,0.0,0.0,False
D175_ACAGCCGCAAGTACCT,550,2257.3035,0.0,0.0,False
D175_ACGTAACAGTAACGAT,639,2495.4614,0.0,0.0,False
D175_ACTATTCCAGTCTACA,1279,3656.4705,0.0,0.0,False
D175_ACTGTGAGTGGTTCTA,1628,4178.9194,0.0,0.0,False
D175_AGTGACTAGTGCAGGT,507,2153.4495,0.0,0.0,False
D175_ATACCTTTCTTTCAGT,528,2219.0903,0.0,0.0,False
D175_ATCACAGTCTTTGGAG,537,2233.6343,0.0,0.0,False
D175_CAATGACTCGCTATTT,1238,3507.3252,0.0,0.0,False
D175_CACAACACAATCGCGC,1278,3480.3044,0.0,0.0,False
D175_CCCATTGAGGCCTGCT,714,2647.5205,0.0,0.0,False
D175_CCCTGATGTACGATCT,759,2649.718,0.0,0.0,False
D175_GCACGGTCAACCTAAC,1766,4347.3364,0.0,0.0,False
D175_GCAGGCTCATGCCGGT,765,2742.4568,0.0,0.0,False
D175_GCTCAAAAGGGCAACT,1072,3412.407,0.0,0.0,False
D175_GCTTCACAGTAAAGCT,716,2661.8438,0.0,0.0,False
D175_GCTTTCGCAAGTCATC,565,2309.733,0.0,0.0,False
D175_GCTTTCGCAGCTTCCT,593,2375.5945,0.0,0.0,False
D175_GGCAGTCGTAGGACTG,1064,3149.2483,0.0,0.0,False
D175_GGCTTGGCACTCCTGT,1781,4202.202,0.0,0.0,False
D175_GGGAGATGTCACTCAA,793,2815.4133,0.0,0.0,False
D175_GTCATGATCTAACGGT,511,2160.8013,0.0,0.0,False
D175_TAGACTGTCAAGCCTA,1218,3521.254,0.0,0.0,False
D175_TATTCCATCACCGCTT,1227,3556.0476,0.0,0.0,False
D175_TATTGGGGTTCAATCG,1408,3814.1794,0.0,0.0,False
D175_TCAAGACCAAGTATAG,1204,3465.1096,0.0,0.0,False
D175_TCACTCGCATCAGTCA,1056,3353.5437,0.0,0.0,False
D175_TCCTCCCCACTGAGTT,1968,4338.409,0.0,0.0,False
D175_TCGCACTCATCCGTTC,1101,3331.8245,0.0,0.0,False
D175_TCTTTGATCTATCCAT,991,3147.0103,0.0,0.0,False
D175_TGAGGAGCAGAGGCTA,2472,4832.202,0.0,0.0,False
D175_TGCTGAATCATTTGTC,1494,3774.1135,0.0,0.0,False
D175_TGGAGAGAGCGTTAGG,925,3077.109,0.0,0.0,False
D175_TTACAGGCAAGAGAGA,635,2493.5696,0.0,0.0,False
D175_TTGGGATTCCGACAGC,557,2260.5413,0.0,0.0,False
D175_TTTACCAGTTGCATGT,698,2622.0059,0.0,0.0,False
D175_AAAGAACTCGTGTGGC,841,2963.5034,0.0,0.0,False
D175_AAGAACAAGGCTGAAC,3244,5325.3867,0.0,0.0,False
D175_ACTATTCTCCACTGGG,2184,4726.9424,0.0,0.0,False
D175_ACTGTCCGTAAGATTG,1141,3466.818,0.0,0.0,False
D175_AGACACTGTCCTACAA,677,2580.812,0.0,0.0,False
D175_AGCTCAAGTTGTACGT,1110,3217.7866,0.0,0.0,False
D175_ATCCACCTCCCATTCG,656,2540.5088,0.0,0.0,False
D175_ATGCCTCTCCTCTAAT,1490,3865.6753,0.0,0.0,False
D175_ATGCGATGTAGCGTTT,886,3065.4258,0.0,0.0,False
D175_ATTCACTTCATCTATC,759,2823.4543,0.0,0.0,False
D175_CAACGGCAGGCTATCT,2839,4884.4526,0.0,0.0,False
D175_CATCGGGTCTGGTTGA,906,3079.1458,0.0,0.0,False
D175_CATTCCGGTCTCAGGC,815,2860.9785,0.0,0.0,False
D175_CATTGTTGTTTCCCAC,545,2254.689,0.0,0.0,False
D175_CCTCACATCCTAGCCT,708,2664.2285,0.0,0.0,False
D175_CTACCCACAGTACTAC,3097,5260.7095,0.0,0.0,False
D175_CTACTATGTCTTCTAT,547,2262.1094,0.0,0.0,False
D175_CTAGGTACACTCATAG,1586,3933.8098,0.0,0.0,False
D175_CTCAATTCAACGGCTC,559,2306.2476,0.0,0.0,False
D175_GATTCTTTCGAACGGA,689,2614.321,0.0,0.0,False
D175_GGAGCAACACCGTACG,818,2968.1797,0.0,0.0,False
D175_GGCGTCACATCACCAA,1846,4253.7456,0.0,0.0,False
D175_GGTGGCTGTCAATCTG,556,2276.9753,0.0,0.0,False
D175_GGTTGTAAGCCTGGAA,731,2732.4478,0.0,0.0,False
D175_GTCATTTTCTGTCGTC,581,2369.0703,0.0,0.0,False
D175_GTCTTTATCCCTGGTT,1818,4360.9985,0.0,0.0,False
D175_GTGGCGTAGCTGCCAC,756,2697.766,0.0,0.0,False
D175_GTGTCCTAGAGTGACC,1275,3679.3198,0.0,0.0,False
D175_TAAGCACTCAAGAGTA,777,2818.3586,0.0,0.0,False
D175_TACCTCGAGGATATAC,509,2192.548,0.0,0.0,False
D175_TATGTTCAGCATGCGA,1580,3983.4968,0.0,0.0,False
D175_TCACAAGTCATTACGG,839,2949.4717,0.0,0.0,False
D175_TCATATCAGAGGTTTA,1792,4221.4204,0.0,0.0,False
D175_TGAGTCAAGCACGGAT,2543,4741.358,0.0,0.0,False
D175_TGCGGGTCAACGACTT,2204,4472.118,0.0,0.0,False
D175_TGGGCTGGTCCACAGC,2242,4667.3477,0.0,0.0,False
D175_TTCTGTATCACTCTTA,1692,4175.0083,0.0,0.0,False
D175_TTGCATTGTCACTAGT,1211,3384.1606,0.0,0.0,False
D175_TTGTGGAGTATTGCCA,698,2671.6055,0.0,0.0,False
D175_TTTCATGCATGCTGCG,500,2142.6404,0.0,0.0,False
D175_AAATGGACACACAGAG,673,2611.2888,0.0,0.0,False
D175_ACACAGTAGCAACTCT,948,3178.9233,0.0,0.0,False
D175_AGATCCAGTCCGGCAT,755,2793.7803,0.0,0.0,False
D175_AGGTTACTCCGGACGT,811,2927.7258,0.0,0.0,False
D175_AGTGTTGTCGATAACC,548,2285.664,0.0,0.0,False
D175_ATCGGATTCTAGTGAC,699,2667.1755,0.0,0.0,False
D175_ATTCGTTCAGACACCC,610,2443.5916,0.0,0.0,False
D175_CACCGTTTCCATTGTT,853,2964.0403,0.0,0.0,False
D175_CAGGTATGTGGAGAAA,614,2456.4756,0.0,0.0,False
D175_CTTCTCTAGGAGACCT,917,3080.8125,0.0,0.0,False
D175_GACCTTCTCATCGACA,521,2185.3706,0.0,0.0,False
D175_GAGGGATAGGTAAGTT,810,2884.3765,0.0,0.0,False
D175_GATTCGATCGAATCCA,888,3042.7134,0.0,0.0,False
D175_TCAAGCACAGTCGGTC,666,2557.678,0.0,0.0,False
D175_TCGCAGGCATGGGATG,728,2700.9229,0.0,0.0,False
D175_TTGCGTCTCGCATTAG,755,2787.281,0.0,0.0,False
D175_AAATGGATCGCAGAGA,2174,4675.501,0.0,0.0,False
D175_AAGCCATTCCTATGGA,703,2687.146,0.0,0.0,False
D175_AATGACCCATACCGTA,1484,3967.08,0.0,0.0,False
D175_ACCACAAAGAACGTGC,751,2788.594,0.0,0.0,False
D175_ACTACGAGTCACAATC,1246,3710.7288,0.0,0.0,False
D175_AGACAAAGTAACTTCG,1254,3737.7502,0.0,0.0,False
D175_AGATGCTTCCAGCACG,1067,3323.2065,0.0,0.0,False
D175_ATCCATTTCCCTCATG,1546,4112.616,0.0,0.0,False
D175_ATGCATGCATGACGAG,769,2621.778,0.0,0.0,False
D175_CAATACGGTTGTGTAC,557,2279.0623,0.0,0.0,False
D175_CACGGGTGTCTATGAC,1912,4420.8804,0.0,0.0,False
D175_CAGAGCCCATCATTGG,1135,3544.4963,0.0,0.0,False
D175_CGCCATTAGTGCACTT,537,2252.4563,0.0,0.0,False
D175_CTCACTGCATGAAGCG,993,3276.1807,0.0,0.0,False
D175_CTCCTCCTCTCCCAAC,3400,5436.981,0.0,0.0,False
D175_CTCTGGTCACAGTCAT,1843,4392.3843,0.0,0.0,False
D175_CTGCTCAGTGTTATCG,1353,3880.311,0.0,0.0,False
D175_CTTTCAAGTTACACTG,1441,3955.5461,0.0,0.0,False
D175_CTTTCGGGTTCGAGCC,518,2209.927,0.0,0.0,False
D175_GAAATGAGTGAATATG,1083,3433.9673,0.0,0.0,False
D175_GACATCACACCGTGCA,2029,4683.4775,0.0,0.0,False
D175_GACGTTAAGGAATTAC,2073,4584.105,0.0,0.0,False
D175_GAGACCCAGACCTCCG,2669,5028.58,0.0,0.0,False
D175_GAGACCCCACAAAGCG,2146,4717.721,0.0,0.0,False
D175_GAGTCATTCTTCGTAT,1223,3633.1125,0.0,0.0,False
D175_GAGTGAGTCAATGTCG,852,3013.9648,0.0,0.0,False
D175_GGCACGTGTTTAGTCG,1466,4064.464,0.0,0.0,False
D175_GGGTTTAAGGTGCCAA,1789,4341.2246,0.0,0.0,False
D175_GGTGGCTTCCACGAAT,1167,3551.681,0.0,0.0,False
D175_GTGAGTTCACGTGAGA,641,2534.4836,0.0,0.0,False
D175_GTGCTGGCATCTGGGC,2681,5086.112,0.0,0.0,False
D175_GTGGCGTGTCTTTATC,1610,4232.593,0.0,0.0,False
D175_GTGTAACAGGTAGATT,730,2741.9165,0.0,0.0,False
D175_GTTCGCTAGAGTGTTA,817,2882.8918,0.0,0.0,False
D175_GTTTGGATCCTCGATC,2466,5030.113,0.0,0.0,False
D175_TAACTTCGTAACATGA,1002,3201.7844,0.0,0.0,False
D175_TACACCCCACGGATCC,564,2306.353,0.0,0.0,False
D175_TACCGAACATCGGAAG,1085,3422.5435,0.0,0.0,False
D175_TCAGTGATCGCTGCGA,1092,3448.7454,0.0,0.0,False
D175_TCAGTTTCAGTGCGCT,2006,4440.562,0.0,0.0,False
D175_TCATCATCACACTGGC,1187,3599.8064,0.0,0.0,False
D175_TCATCATTCCGATAAC,671,2560.2236,0.0,0.0,False
D175_TCATGGAGTCCAATCA,525,2178.225,0.0,0.0,False
D175_TCTCACGGTACTCCCT,1566,4067.9958,0.0,0.0,False
D175_TGCATGAAGCATTGAA,2884,5180.737,0.0,0.0,False
D175_TGTAAGCAGAGAGGTA,1483,3998.9163,0.0,0.0,False
D175_TGTAAGCCATGTTCAG,1781,4427.7026,0.0,0.0,False
D175_TGTCCTGTCGGCTTCT,1195,3584.3496,0.0,0.0,False
D175_TTCATGTAGCCATCCG,622,2463.9475,0.0,0.0,False
D175_AACCAACCAGAGGCTA,899,3113.495,0.0,0.0,False
D175_ACATCGACATGGCTGC,932,3166.0967,0.0,0.0,False
D175_AGAAGTAAGCCGCTTG,1916,4473.5864,0.0,0.0,False
D175_AGACCCGCATCCTAAG,910,3144.0908,0.0,0.0,False
D175_ATCACAGGTGTATTCG,2378,5108.958,0.0,0.0,False
D175_ATCCACCCAGTTAAAG,2750,5218.5684,0.0,0.0,False
D175_CAACCTCCACGCCAGT,3555,5498.431,0.0,0.0,False
D175_CAAGCTAAGAGAGTGA,2362,4949.5635,0.0,0.0,False
D175_CACATGACAGTTAGGG,2129,4768.9033,0.0,0.0,False
D175_CACTGGGAGTATCCTG,960,3223.2654,0.0,0.0,False
D175_CAGGGCTTCAGCTTCC,1070,3441.596,0.0,0.0,False
D175_CATCCACAGGTAGCAC,671,2598.0254,0.0,0.0,False
D175_CCACCATAGATCACTC,3315,5249.956,0.0,0.0,False
D175_CCACGTTAGGTCATCT,2339,4801.2485,0.0,0.0,False
D175_CGCATGGGTCAACCAT,2296,4937.8555,0.0,0.0,False
D175_CTCAACCGTAGATGTA,1136,3539.2224,0.0,0.0,False
D175_CTCAGGGCAGGTCTCG,3919,5832.489,0.0,0.0,False
D175_CTGATCCCAATGTTGC,1037,3377.5247,0.0,0.0,False
D175_GAAGCGAGTAGACGTG,1536,4023.8096,0.0,0.0,False
D175_GATTTCTCATAGCACT,2195,4902.2397,0.0,0.0,False
D175_GCCAACGCAGTAGTGG,1882,4565.5713,0.0,0.0,False
D175_GGGATGACACCGAATT,538,2245.4565,0.0,0.0,False
D175_GGGTGAATCCATCCGT,3334,5280.825,0.0,0.0,False
D175_GTTAGTGCACGAAGAC,1278,3755.1355,0.0,0.0,False
D175_TAAGCGTAGAATACAC,720,2662.0334,0.0,0.0,False
D175_TCAGTGAGTGACATCT,2846,5126.851,0.0,0.0,False
D175_TCGACCTAGATCCCGC,1980,4596.811,0.0,0.0,False
D175_TGCTTGCGTCACCGAC,3485,5715.834,0.0,0.0,False
D175_TGTCAGAGTGGACTGA,2895,5189.491,0.0,0.0,False
D175_TTACTGTCAATGCAAA,946,3203.5002,0.0,0.0,False
D175_TTTACGTAGCTCGACC,663,2566.574,0.0,0.0,False
D175_TTTCACACAGAGTGTG,674,2546.7908,0.0,0.0,False
D175_ATGAAAGAGACAACAT,568,2288.4958,0.0,0.0,False
D175_ATTCCCGAGAATTGTG,1666,3955.092,0.0,0.0,False
D175_CATCAAGCATCTCCCA,798,2905.6719,0.0,0.0,False
D175_CATGAGTTCAGCTAGT,551,2204.2524,0.0,0.0,False
D175_CTTCTAAGTGTGTTTG,623,2405.9302,0.0,0.0,False
D175_TGCATCCAGCTTTCTT,1027,3107.102,0.0,0.0,False
D175_TGTTCCGCAACTCATG,849,2949.352,0.0,0.0,False
D175_ACTCCCAAGTCCCAAT,2642,5196.884,0.0,0.0,False
D175_CGTCCATAGCAAGTGC,2721,5291.766,0.0,0.0,False
D175_CTAGACACACTGCGTG,625,2497.517,0.0,0.0,False
D175_CTGTATTGTCTTGCGG,1165,3572.7698,0.0,0.0,False
D175_GTCATGACACACGTGC,1017,3357.5967,0.0,0.0,False
D175_AAGCGTTCAAACGGCA,624,2444.7412,0.0,0.0,False
D175_AGAAGCGGTTTCCCAC,1045,3380.1948,0.0,0.0,False
D175_AGCTACACAGAGCCCT,1047,3337.8523,0.0,0.0,False
D175_CAATTTCCATGGAATA,796,2878.9763,0.0,0.0,False
D175_CCGTTCAGTCCATCTC,1108,3456.3032,0.0,0.0,False
D175_GTAATCGCAATCTAGC,1043,3248.3203,0.0,0.0,False
D175_TACCCACAGGAACGCT,3821,5685.3877,0.0,0.0,False
D175_TTCGCTGAGTGATAGT,955,3150.4333,0.0,0.0,False
D175_TTGAACGCATGAAAGT,735,2697.4475,0.0,0.0,False
D175_TTGCGTCAGACATATG,1032,3316.6116,0.0,0.0,False
D175_ATTTACCCACAGTCCG,1163,3628.6023,0.0,0.0,False
D175_CTCAGAAGTTCAATCG,1371,3920.0764,0.0,0.0,False
