,0,1,2,3
0,https://api.cellxgene.cziscience.com/dp/v1/collections/625f6bf4-2f33-4942-962e-35243d284837#D139$lung,Respiratory System,11.520055,4.120022
97,https://api.cellxgene.cziscience.com/dp/v1/collections/625f6bf4-2f33-4942-962e-35243d284837#D231$lung,Respiratory System,-8.154552,2.0935142
193,https://api.cellxgene.cziscience.com/dp/v1/collections/b52eb423-5d0d-4645-b217-e1c6d38b2e72#D1$apex%20of%20heart,Heart,-8.930678,1.3215126
236,https://api.cellxgene.cziscience.com/dp/v1/collections/b52eb423-5d0d-4645-b217-e1c6d38b2e72#D1$heart%20left%20ventricle,Heart,-8.768111,0.18152177
286,https://api.cellxgene.cziscience.com/dp/v1/collections/b52eb423-5d0d-4645-b217-e1c6d38b2e72#D1$heart%20right%20ventricle,Heart,12.940005,5.3469505
330,https://api.cellxgene.cziscience.com/dp/v1/collections/b52eb423-5d0d-4645-b217-e1c6d38b2e72#D1$left%20cardiac%20atrium,Heart,11.261541,4.758906
365,https://api.cellxgene.cziscience.com/dp/v1/collections/b52eb423-5d0d-4645-b217-e1c6d38b2e72#D11$apex%20of%20heart,Heart,,
428,https://api.cellxgene.cziscience.com/dp/v1/collections/b52eb423-5d0d-4645-b217-e1c6d38b2e72#D11$heart%20left%20ventricle,Heart,,
475,https://api.cellxgene.cziscience.com/dp/v1/collections/b52eb423-5d0d-4645-b217-e1c6d38b2e72#D11$heart%20right%20ventricle,Heart,,
529,https://api.cellxgene.cziscience.com/dp/v1/collections/b52eb423-5d0d-4645-b217-e1c6d38b2e72#D11$interventricular%20septum,Heart,,
591,https://api.cellxgene.cziscience.com/dp/v1/collections/b52eb423-5d0d-4645-b217-e1c6d38b2e72#D11$left%20cardiac%20atrium,Heart,,
649,https://api.cellxgene.cziscience.com/dp/v1/collections/b52eb423-5d0d-4645-b217-e1c6d38b2e72#D11$right%20cardiac%20atrium,Heart,,
686,https://api.cellxgene.cziscience.com/dp/v1/collections/b52eb423-5d0d-4645-b217-e1c6d38b2e72#D4$apex%20of%20heart,Heart,,
732,https://api.cellxgene.cziscience.com/dp/v1/collections/b52eb423-5d0d-4645-b217-e1c6d38b2e72#D4$heart%20left%20ventricle,Heart,,
773,https://api.cellxgene.cziscience.com/dp/v1/collections/b52eb423-5d0d-4645-b217-e1c6d38b2e72#D4$heart%20right%20ventricle,Heart,,
825,https://api.cellxgene.cziscience.com/dp/v1/collections/b52eb423-5d0d-4645-b217-e1c6d38b2e72#D4$interventricular%20septum,Heart,,
873,https://api.cellxgene.cziscience.com/dp/v1/collections/b52eb423-5d0d-4645-b217-e1c6d38b2e72#D4$left%20cardiac%20atrium,Heart,,
926,https://api.cellxgene.cziscience.com/dp/v1/collections/b52eb423-5d0d-4645-b217-e1c6d38b2e72#D4$right%20cardiac%20atrium,Heart,,
976,https://api.cellxgene.cziscience.com/dp/v1/collections/b52eb423-5d0d-4645-b217-e1c6d38b2e72#D5$apex%20of%20heart,Heart,,
1025,https://api.cellxgene.cziscience.com/dp/v1/collections/b52eb423-5d0d-4645-b217-e1c6d38b2e72#D5$heart%20left%20ventricle,Heart,,
1079,https://api.cellxgene.cziscience.com/dp/v1/collections/b52eb423-5d0d-4645-b217-e1c6d38b2e72#D5$heart%20right%20ventricle,Heart,,
1119,https://api.cellxgene.cziscience.com/dp/v1/collections/b52eb423-5d0d-4645-b217-e1c6d38b2e72#D5$interventricular%20septum,Heart,,
1165,https://api.cellxgene.cziscience.com/dp/v1/collections/b52eb423-5d0d-4645-b217-e1c6d38b2e72#D5$left%20cardiac%20atrium,Heart,,
1214,https://api.cellxgene.cziscience.com/dp/v1/collections/b52eb423-5d0d-4645-b217-e1c6d38b2e72#D5$right%20cardiac%20atrium,Heart,,
1270,https://api.cellxgene.cziscience.com/dp/v1/collections/b52eb423-5d0d-4645-b217-e1c6d38b2e72#H5$apex%20of%20heart,Heart,,
1324,https://api.cellxgene.cziscience.com/dp/v1/collections/b52eb423-5d0d-4645-b217-e1c6d38b2e72#H5$heart%20left%20ventricle,Heart,,
1380,https://api.cellxgene.cziscience.com/dp/v1/collections/b52eb423-5d0d-4645-b217-e1c6d38b2e72#H5$heart%20right%20ventricle,Heart,,
1427,https://api.cellxgene.cziscience.com/dp/v1/collections/b52eb423-5d0d-4645-b217-e1c6d38b2e72#H5$interventricular%20septum,Heart,,
1485,https://api.cellxgene.cziscience.com/dp/v1/collections/b52eb423-5d0d-4645-b217-e1c6d38b2e72#H5$left%20cardiac%20atrium,Heart,,
1537,https://api.cellxgene.cziscience.com/dp/v1/collections/b52eb423-5d0d-4645-b217-e1c6d38b2e72#H5$right%20cardiac%20atrium,Heart,,
1592,https://api.cellxgene.cziscience.com/dp/v1/collections/b52eb423-5d0d-4645-b217-e1c6d38b2e72#H6$apex%20of%20heart,Heart,,
1639,https://api.cellxgene.cziscience.com/dp/v1/collections/b52eb423-5d0d-4645-b217-e1c6d38b2e72#H6$heart%20left%20ventricle,Heart,,
1693,https://api.cellxgene.cziscience.com/dp/v1/collections/b52eb423-5d0d-4645-b217-e1c6d38b2e72#H6$heart%20right%20ventricle,Heart,,
1745,https://api.cellxgene.cziscience.com/dp/v1/collections/b52eb423-5d0d-4645-b217-e1c6d38b2e72#H6$interventricular%20septum,Heart,,
1798,https://api.cellxgene.cziscience.com/dp/v1/collections/b52eb423-5d0d-4645-b217-e1c6d38b2e72#H6$left%20cardiac%20atrium,Heart,,
1852,https://api.cellxgene.cziscience.com/dp/v1/collections/b52eb423-5d0d-4645-b217-e1c6d38b2e72#H6$right%20cardiac%20atrium,Heart,,
1903,https://api.cellxgene.cziscience.com/dp/v1/collections/b52eb423-5d0d-4645-b217-e1c6d38b2e72#H7$apex%20of%20heart,Heart,,
1952,https://api.cellxgene.cziscience.com/dp/v1/collections/b52eb423-5d0d-4645-b217-e1c6d38b2e72#H7$heart%20left%20ventricle,Heart,,
1999,https://api.cellxgene.cziscience.com/dp/v1/collections/b52eb423-5d0d-4645-b217-e1c6d38b2e72#H7$heart%20right%20ventricle,Heart,,
2049,https://api.cellxgene.cziscience.com/dp/v1/collections/b52eb423-5d0d-4645-b217-e1c6d38b2e72#H7$interventricular%20septum,Heart,,
2094,https://api.cellxgene.cziscience.com/dp/v1/collections/b52eb423-5d0d-4645-b217-e1c6d38b2e72#H7$left%20cardiac%20atrium,Heart,,
2154,https://api.cellxgene.cziscience.com/dp/v1/collections/b52eb423-5d0d-4645-b217-e1c6d38b2e72#H7$right%20cardiac%20atrium,Heart,,
2208,https://doi.org/10.1126/science.abl4290#GTEX-13N11-5002-SM-H5JDV,Heart,,
2270,https://doi.org/10.1126/science.abl4290#GTEX-13N11-5030-SM-H5JDW,Respiratory System,,
2410,https://doi.org/10.1126/science.abl4290#GTEX-1ICG6-5003-SM-GHS9A,Heart,,
2490,https://entity.api.hubmapconsortium.org/entities/018a905cdbdff684760859f594d3fd77,Kidney,,
2643,https://entity.api.hubmapconsortium.org/entities/0804a7a9e430e6adfbc56f339d787211,Kidney,,
2682,https://entity.api.hubmapconsortium.org/entities/08c1aa2e74700e1170fc9218ae255992,Kidney,,
2848,https://entity.api.hubmapconsortium.org/entities/0a21f3fa27109790483f2a0729be53de,Kidney,,
3034,https://entity.api.hubmapconsortium.org/entities/1197c73d127193dd493ff542890a3d3d,Kidney,,
3093,https://entity.api.hubmapconsortium.org/entities/173de2e80adf6a73ac8cff5ccce20dfc,Kidney,,
3114,https://entity.api.hubmapconsortium.org/entities/1b5c7d45cb0e475b73f9280d092d34a5,Kidney,,
3152,https://entity.api.hubmapconsortium.org/entities/1dc16eb0270ff73291dd45b6a96aa3c0,Kidney,,
3178,https://entity.api.hubmapconsortium.org/entities/206d669d243f6dab04cc126a52cdab8d,Kidney,,
3216,https://entity.api.hubmapconsortium.org/entities/22684b9011fc5aea5cb3f89670a461e8,Heart,,
3271,https://entity.api.hubmapconsortium.org/entities/254801a318687281ba3e473569d89a45,Kidney,,
3315,https://entity.api.hubmapconsortium.org/entities/2639e9e8488edddde275491cdbaae662,Kidney,,
3359,https://entity.api.hubmapconsortium.org/entities/26e1f2991c6f67fa10e9670f1bc0da6a,Heart,,
3502,https://entity.api.hubmapconsortium.org/entities/29596bee3f70b2bfc89d184fe38a3daa,Kidney,,
3672,https://entity.api.hubmapconsortium.org/entities/2cd4eabca0b653af7f3b79534b2d641f,Kidney,,
3713,https://entity.api.hubmapconsortium.org/entities/2d0deacd8be70eefbdc33ac107d97e58,Heart,,
3905,https://entity.api.hubmapconsortium.org/entities/32b783576b6c88fec03f5e5988e3effa,Kidney,,
3947,https://entity.api.hubmapconsortium.org/entities/33b9c54d7c295897826e1e5271d4fc24,Heart,,
3983,https://entity.api.hubmapconsortium.org/entities/33c0ce043ae331ea23fc80023428e534,Kidney,,
4051,https://entity.api.hubmapconsortium.org/entities/35e9bf0f58152ceb6f4d01052ac8867d,Heart,,
4105,https://entity.api.hubmapconsortium.org/entities/367fee3b40cba682063289505b922be1,Kidney,,
4176,https://entity.api.hubmapconsortium.org/entities/3d0bf870aaa607cd0bd0146a461ea0ac,Heart,,
4375,https://entity.api.hubmapconsortium.org/entities/41dab04d801d21bfc99328c9e249cc68,Kidney,,
4415,https://entity.api.hubmapconsortium.org/entities/434fbc55d458dc4e06da9ba4961f3840,Kidney,,
4464,https://entity.api.hubmapconsortium.org/entities/47015df8ab7615a9ce26098d88196dde,Ureter,,
4521,https://entity.api.hubmapconsortium.org/entities/4b5dc6d04aa30a6eb0b224a7ab7d03b3,Kidney,,
4564,https://entity.api.hubmapconsortium.org/entities/4b62d9d2c248323ce029859f953fdc57,Kidney,,
4862,https://entity.api.hubmapconsortium.org/entities/5039cf8619f6f8b5b4a14af1037e1d1f,Kidney,,
4904,https://entity.api.hubmapconsortium.org/entities/51bfd85763954248725ebf69f0dde5eb,Kidney,,
4945,https://entity.api.hubmapconsortium.org/entities/524dc341a03c155b6f4140e9d72f9b1d,Kidney,,
5013,https://entity.api.hubmapconsortium.org/entities/55452bd302046918eaeeffa62c5b5f03,Kidney,,
5069,https://entity.api.hubmapconsortium.org/entities/56cbda4789f04d79c0c3dffe21816d48,Ureter,,
5092,https://entity.api.hubmapconsortium.org/entities/57054da2dbe87b93f1adb78444086963,Ureter,,
5124,https://entity.api.hubmapconsortium.org/entities/59249f23ecdcc975c90de9a1956a5285,Kidney,,
5159,https://entity.api.hubmapconsortium.org/entities/615462a0e4aa133d8b19644c404e3eeb,Kidney,,
5415,https://entity.api.hubmapconsortium.org/entities/6cd657565c709c832300336899a1e1ec,Kidney,,
5469,https://entity.api.hubmapconsortium.org/entities/6fdfde6f88e34294b3cd58e070ebcba2,Kidney,,
5510,https://entity.api.hubmapconsortium.org/entities/7017034c816444f6acb469834e53344f,Kidney,,
5561,https://entity.api.hubmapconsortium.org/entities/704d16116f29994ab0e714f4afdb5516,Kidney,,
5715,https://entity.api.hubmapconsortium.org/entities/739184f7ec84d93a35360cde81cc026c,Kidney,,
5742,https://entity.api.hubmapconsortium.org/entities/7646a8a89555a123a56446b66c183d58,Kidney,,
5784,https://entity.api.hubmapconsortium.org/entities/79f8c7ec1b200dfe5b46d0bcfec02bd7,Kidney,,
5848,https://entity.api.hubmapconsortium.org/entities/7c9e07c96d144536525b1f889acee14d,Kidney,,
5884,https://entity.api.hubmapconsortium.org/entities/7ed80889944d7b0276e84f179090d622,Kidney,,
6056,https://entity.api.hubmapconsortium.org/entities/7f1e932a91a86ef58ed61ee19c175c18,Kidney,,
6098,https://entity.api.hubmapconsortium.org/entities/81c50251d7f1aa85eeb6c03be44443a6,Kidney,,
6178,https://entity.api.hubmapconsortium.org/entities/853ab5348f619043ab2f997ac8ae14f0,Ureter,,
6235,https://entity.api.hubmapconsortium.org/entities/898138b7f45a67c574e9955fb400e9be,Kidney,,
6396,https://entity.api.hubmapconsortium.org/entities/8b65acdfecc504e9a96c84643c3ab02c,Heart,,
6585,https://entity.api.hubmapconsortium.org/entities/8c5e705001d5cc1c40dbd963ad848486,Kidney,,
6629,https://entity.api.hubmapconsortium.org/entities/8cdb42ed1194255c74c8462b99bbd7ef,Kidney,,
6659,https://entity.api.hubmapconsortium.org/entities/92248f72d47b916a2027085ec1b8e996,Ureter,,
6691,https://entity.api.hubmapconsortium.org/entities/97c65df1d8fdc8d67c34a55e386fd430,Kidney,,
6867,https://entity.api.hubmapconsortium.org/entities/9b99c75de2347b9567e33065108488e8,Kidney,,
6961,https://entity.api.hubmapconsortium.org/entities/a19973065eec1489f4d6a308e73da275,Kidney,,
7197,https://entity.api.hubmapconsortium.org/entities/a6bfa5ab516fcc24137cdd3ce3971e2c,Kidney,,
7260,https://entity.api.hubmapconsortium.org/entities/a95f2c79bb637141f7e6874eddc8e274,Kidney,,
7302,https://entity.api.hubmapconsortium.org/entities/aa93e53df10842c13348a334c8fe423f,Kidney,,
7485,https://entity.api.hubmapconsortium.org/entities/ac1d4544ab4886b851f74b2c21952378,Kidney,,
7526,https://entity.api.hubmapconsortium.org/entities/ad693f99fb9006e68a53e97598da1509,Kidney,,
7554,https://entity.api.hubmapconsortium.org/entities/b2ab05f290c0740c3198f020cd70e78d,Kidney,,
7580,https://entity.api.hubmapconsortium.org/entities/b921c30d5077581c016d87d4f4c9ff19,Kidney,,
7848,https://entity.api.hubmapconsortium.org/entities/c14b104f9e44511ddf82697bce0d1901,Kidney,,
7891,https://entity.api.hubmapconsortium.org/entities/c1a0c043d0a986d71552091cc1b09742,Kidney,,
7967,https://entity.api.hubmapconsortium.org/entities/c6c0cca1d093fcdb8d72bd18053a7940,Kidney,,
8006,https://entity.api.hubmapconsortium.org/entities/c81b0dc9d16eb825a7d6bce6e1b3678f,Kidney,,
8059,https://entity.api.hubmapconsortium.org/entities/ccbad4ffd323265937b842ea36ada4ad,Kidney,,
8102,https://entity.api.hubmapconsortium.org/entities/ccf899abde825d51b03ad91028483ac1,Kidney,,
8172,https://entity.api.hubmapconsortium.org/entities/d1af36911148fdd7001fd4eebe7222f1,Kidney,,
8368,https://entity.api.hubmapconsortium.org/entities/dc4f4778dd04263c0660addcc93b3807,Kidney,,
8390,https://entity.api.hubmapconsortium.org/entities/dd3e6da115fd13eee62d9a4fba2324ae,Kidney,,
8432,https://entity.api.hubmapconsortium.org/entities/dd7ccbc306692fc5ff5e61c22845da21,Kidney,,
8451,https://entity.api.hubmapconsortium.org/entities/e010f7505632d7b6eeda25b349383149,Kidney,,
8481,https://entity.api.hubmapconsortium.org/entities/e375a44f5cf5457c8f9b1132574c2436,Kidney,,
8549,https://entity.api.hubmapconsortium.org/entities/e65175561b4b17da5352e3837aa0e497,Kidney,,
8567,https://entity.api.hubmapconsortium.org/entities/e7bdf34c4da9f1d880f2615226e9713d,Kidney,,
8608,https://entity.api.hubmapconsortium.org/entities/eb961e5dc50239d35f5398903c64e2b9,Kidney,,
8653,https://entity.api.hubmapconsortium.org/entities/ec7ebe15feec075a0299979b0350dd3a,Kidney,,
9095,https://entity.api.hubmapconsortium.org/entities/fbfdd102ecd60d7cf9d3da8c3d83a5c4,Kidney,,
9132,https://entity.api.hubmapconsortium.org/entities/fd0b0c1d050010de3520492147aacef4,Kidney,,
9173,https://entity.api.hubmapconsortium.org/entities/fee4cf0e7da557d3ef5c535b5417ed7a,Kidney,,
9212,https://api.cellxgene.cziscience.com/dp/v1/collections/625f6bf4-2f33-4942-962e-35243d284837#D032$lung,Respiratory System,,
9304,https://api.cellxgene.cziscience.com/dp/v1/collections/625f6bf4-2f33-4942-962e-35243d284837#D046$lung,Respiratory System,,
9413,https://api.cellxgene.cziscience.com/dp/v1/collections/625f6bf4-2f33-4942-962e-35243d284837#D062$lung,Respiratory System,,
9518,https://api.cellxgene.cziscience.com/dp/v1/collections/625f6bf4-2f33-4942-962e-35243d284837#D088$lung,Respiratory System,,
9626,https://api.cellxgene.cziscience.com/dp/v1/collections/625f6bf4-2f33-4942-962e-35243d284837#D122$lung,Respiratory System,,
9722,https://api.cellxgene.cziscience.com/dp/v1/collections/625f6bf4-2f33-4942-962e-35243d284837#D150$lung,Respiratory System,,
9834,https://api.cellxgene.cziscience.com/dp/v1/collections/625f6bf4-2f33-4942-962e-35243d284837#D175$lung,Respiratory System,,
9924,https://api.cellxgene.cziscience.com/dp/v1/collections/b52eb423-5d0d-4645-b217-e1c6d38b2e72#D2$apex%20of%20heart,Heart,,
9976,https://api.cellxgene.cziscience.com/dp/v1/collections/b52eb423-5d0d-4645-b217-e1c6d38b2e72#D2$heart%20left%20ventricle,Heart,,
10026,https://api.cellxgene.cziscience.com/dp/v1/collections/b52eb423-5d0d-4645-b217-e1c6d38b2e72#D2$heart%20right%20ventricle,Heart,,
10076,https://api.cellxgene.cziscience.com/dp/v1/collections/b52eb423-5d0d-4645-b217-e1c6d38b2e72#D2$interventricular%20septum,Heart,,
10121,https://api.cellxgene.cziscience.com/dp/v1/collections/b52eb423-5d0d-4645-b217-e1c6d38b2e72#D2$left%20cardiac%20atrium,Heart,,
10178,https://api.cellxgene.cziscience.com/dp/v1/collections/b52eb423-5d0d-4645-b217-e1c6d38b2e72#D2$right%20cardiac%20atrium,Heart,,
10230,https://api.cellxgene.cziscience.com/dp/v1/collections/b52eb423-5d0d-4645-b217-e1c6d38b2e72#D3$apex%20of%20heart,Heart,,
10284,https://api.cellxgene.cziscience.com/dp/v1/collections/b52eb423-5d0d-4645-b217-e1c6d38b2e72#D3$heart%20left%20ventricle,Heart,,
10343,https://api.cellxgene.cziscience.com/dp/v1/collections/b52eb423-5d0d-4645-b217-e1c6d38b2e72#D3$heart%20right%20ventricle,Heart,,
10389,https://api.cellxgene.cziscience.com/dp/v1/collections/b52eb423-5d0d-4645-b217-e1c6d38b2e72#D3$interventricular%20septum,Heart,,
10433,https://api.cellxgene.cziscience.com/dp/v1/collections/b52eb423-5d0d-4645-b217-e1c6d38b2e72#D3$left%20cardiac%20atrium,Heart,,
10487,https://api.cellxgene.cziscience.com/dp/v1/collections/b52eb423-5d0d-4645-b217-e1c6d38b2e72#D3$right%20cardiac%20atrium,Heart,,
10540,https://api.cellxgene.cziscience.com/dp/v1/collections/b52eb423-5d0d-4645-b217-e1c6d38b2e72#D6$apex%20of%20heart,Heart,,
10602,https://api.cellxgene.cziscience.com/dp/v1/collections/b52eb423-5d0d-4645-b217-e1c6d38b2e72#D6$heart%20left%20ventricle,Heart,,
10659,https://api.cellxgene.cziscience.com/dp/v1/collections/b52eb423-5d0d-4645-b217-e1c6d38b2e72#D6$heart%20right%20ventricle,Heart,,
10722,https://api.cellxgene.cziscience.com/dp/v1/collections/b52eb423-5d0d-4645-b217-e1c6d38b2e72#D6$interventricular%20septum,Heart,,
10781,https://api.cellxgene.cziscience.com/dp/v1/collections/b52eb423-5d0d-4645-b217-e1c6d38b2e72#D6$left%20cardiac%20atrium,Heart,,
10843,https://api.cellxgene.cziscience.com/dp/v1/collections/b52eb423-5d0d-4645-b217-e1c6d38b2e72#D6$right%20cardiac%20atrium,Heart,,
10899,https://api.cellxgene.cziscience.com/dp/v1/collections/b52eb423-5d0d-4645-b217-e1c6d38b2e72#D7$apex%20of%20heart,Heart,,
10960,https://api.cellxgene.cziscience.com/dp/v1/collections/b52eb423-5d0d-4645-b217-e1c6d38b2e72#D7$heart%20left%20ventricle,Heart,,
11016,https://api.cellxgene.cziscience.com/dp/v1/collections/b52eb423-5d0d-4645-b217-e1c6d38b2e72#D7$heart%20right%20ventricle,Heart,,
11077,https://api.cellxgene.cziscience.com/dp/v1/collections/b52eb423-5d0d-4645-b217-e1c6d38b2e72#D7$interventricular%20septum,Heart,,
11131,https://api.cellxgene.cziscience.com/dp/v1/collections/b52eb423-5d0d-4645-b217-e1c6d38b2e72#D7$left%20cardiac%20atrium,Heart,,
11192,https://api.cellxgene.cziscience.com/dp/v1/collections/b52eb423-5d0d-4645-b217-e1c6d38b2e72#D7$right%20cardiac%20atrium,Heart,,
11248,https://api.cellxgene.cziscience.com/dp/v1/collections/b52eb423-5d0d-4645-b217-e1c6d38b2e72#H2$apex%20of%20heart,Heart,,
11302,https://api.cellxgene.cziscience.com/dp/v1/collections/b52eb423-5d0d-4645-b217-e1c6d38b2e72#H2$heart%20left%20ventricle,Heart,,
11358,https://api.cellxgene.cziscience.com/dp/v1/collections/b52eb423-5d0d-4645-b217-e1c6d38b2e72#H2$heart%20right%20ventricle,Heart,,
11418,https://api.cellxgene.cziscience.com/dp/v1/collections/b52eb423-5d0d-4645-b217-e1c6d38b2e72#H2$interventricular%20septum,Heart,,
11465,https://api.cellxgene.cziscience.com/dp/v1/collections/b52eb423-5d0d-4645-b217-e1c6d38b2e72#H2$left%20cardiac%20atrium,Heart,,
11528,https://api.cellxgene.cziscience.com/dp/v1/collections/b52eb423-5d0d-4645-b217-e1c6d38b2e72#H2$right%20cardiac%20atrium,Heart,,
11584,https://api.cellxgene.cziscience.com/dp/v1/collections/b52eb423-5d0d-4645-b217-e1c6d38b2e72#H3$apex%20of%20heart,Heart,,
11632,https://api.cellxgene.cziscience.com/dp/v1/collections/b52eb423-5d0d-4645-b217-e1c6d38b2e72#H3$heart%20left%20ventricle,Heart,,
11683,https://api.cellxgene.cziscience.com/dp/v1/collections/b52eb423-5d0d-4645-b217-e1c6d38b2e72#H3$heart%20right%20ventricle,Heart,,
11738,https://api.cellxgene.cziscience.com/dp/v1/collections/b52eb423-5d0d-4645-b217-e1c6d38b2e72#H3$interventricular%20septum,Heart,,
11782,https://api.cellxgene.cziscience.com/dp/v1/collections/b52eb423-5d0d-4645-b217-e1c6d38b2e72#H3$left%20cardiac%20atrium,Heart,,
11837,https://api.cellxgene.cziscience.com/dp/v1/collections/b52eb423-5d0d-4645-b217-e1c6d38b2e72#H3$right%20cardiac%20atrium,Heart,,
11891,https://api.cellxgene.cziscience.com/dp/v1/collections/b52eb423-5d0d-4645-b217-e1c6d38b2e72#H4$apex%20of%20heart,Heart,,
11941,https://api.cellxgene.cziscience.com/dp/v1/collections/b52eb423-5d0d-4645-b217-e1c6d38b2e72#H4$heart%20left%20ventricle,Heart,,
11989,https://api.cellxgene.cziscience.com/dp/v1/collections/b52eb423-5d0d-4645-b217-e1c6d38b2e72#H4$heart%20right%20ventricle,Heart,,
12036,https://api.cellxgene.cziscience.com/dp/v1/collections/b52eb423-5d0d-4645-b217-e1c6d38b2e72#H4$interventricular%20septum,Heart,,
12082,https://api.cellxgene.cziscience.com/dp/v1/collections/b52eb423-5d0d-4645-b217-e1c6d38b2e72#H4$left%20cardiac%20atrium,Heart,,
12134,https://api.cellxgene.cziscience.com/dp/v1/collections/b52eb423-5d0d-4645-b217-e1c6d38b2e72#H4$right%20cardiac%20atrium,Heart,,
12201,https://doi.org/10.1126/science.abl4290#GTEX-15CHR-5005-SM-H5JDT,Respiratory System,,
12313,https://doi.org/10.1126/science.abl4290#GTEX-15RIE-5015-SM-H8L6X,Heart,,
12378,https://doi.org/10.1126/science.abl4290#GTEX-1HSMQ-5005-SM-GKSJF,Respiratory System,,
12552,https://entity.api.hubmapconsortium.org/entities/0027cb59bcb4a34d5db83acaf934a9d9,Kidney,,
12595,https://entity.api.hubmapconsortium.org/entities/00318be0b7cfa3c6ed7fbeab08fe700b,Kidney,,
12640,https://entity.api.hubmapconsortium.org/entities/007f3dfaaa287d5c7c227651f61a9c5b,Heart,,
12696,https://entity.api.hubmapconsortium.org/entities/0110be17631ab95c722d476145feb00c,Kidney,,
12840,https://entity.api.hubmapconsortium.org/entities/0430a44e418219aafce608f4286b2a9b,Kidney,,
12886,https://entity.api.hubmapconsortium.org/entities/044b28971204366347e7ed0b7ef0c279,Kidney,,
13065,https://entity.api.hubmapconsortium.org/entities/069a6930776ca28f8e10c3781aa13b56,Kidney,,
13500,https://entity.api.hubmapconsortium.org/entities/0b590c9e3a62178da592e85572e2f1bf,Respiratory System,,
13603,https://entity.api.hubmapconsortium.org/entities/0b6f63f2bd61a8c091fc7afc0f318ad1,Ureter,,
13634,https://entity.api.hubmapconsortium.org/entities/0b7015a55e38bd43b6cd6f58ddeb9059,Kidney,,
13680,https://entity.api.hubmapconsortium.org/entities/0bcea0ab24e8bc5b0529b6f4d899ddad,Kidney,,
13720,https://entity.api.hubmapconsortium.org/entities/0cecd7cf1da6f81d3654c1712a5d61a2,Kidney,,
13766,https://entity.api.hubmapconsortium.org/entities/0d1eb3d774a694b79e844987f771b183,Kidney,,
13822,https://entity.api.hubmapconsortium.org/entities/0db9481caed92aec4cddc606108692d5,Kidney,,
13857,https://entity.api.hubmapconsortium.org/entities/10b22d398b548c141167d4d9c4cbd79e,Kidney,,
13925,https://entity.api.hubmapconsortium.org/entities/12de9dcdb62640f1687b832f69648a55,Kidney,,
13991,https://entity.api.hubmapconsortium.org/entities/13d882fbeae970f8fb08a6f0b76bf127,Kidney,,
14091,https://entity.api.hubmapconsortium.org/entities/149e1be22a4961f9c6240480710836a3,Kidney,,
14134,https://entity.api.hubmapconsortium.org/entities/15882fef75843d5cef518853a0e8246d,Kidney,,
14179,https://entity.api.hubmapconsortium.org/entities/171bd6114652ce2a1ff0e4757b5eaef9,Respiratory System,,
14378,https://entity.api.hubmapconsortium.org/entities/176edb4b0e16059522f6f087576fbeec,Respiratory System,,
14498,https://entity.api.hubmapconsortium.org/entities/17f67cb15e59f65e640d85d2f3866cde,Heart,,
14554,https://entity.api.hubmapconsortium.org/entities/17fb6d5db17936acc8fb613ce98ab808,Kidney,,
14595,https://entity.api.hubmapconsortium.org/entities/19304b10d9e1f17af19cccb2feb014a5,Heart,,
14737,https://entity.api.hubmapconsortium.org/entities/1ea6c0ac5ba60fe35bf63af8699b6fbe,Ureter,,
14800,https://entity.api.hubmapconsortium.org/entities/21043afd6be7ec258f8a9fa1577c41b5,Heart,,
14858,https://entity.api.hubmapconsortium.org/entities/2107df00633f703d39e1ec74c271a9e5,Kidney,,
14900,https://entity.api.hubmapconsortium.org/entities/224e01ccfc20977ee5a6a6a5b96aa7d7,Heart,,
14949,https://entity.api.hubmapconsortium.org/entities/237b8f24c23821690519af862cf25a9f,Respiratory System,,
15161,https://entity.api.hubmapconsortium.org/entities/2553283ad2c4dfe0033ba752fe204551,Kidney,,
15553,https://entity.api.hubmapconsortium.org/entities/28d7789ef980031fb7278646fe43ffe1,Kidney,,
15597,https://entity.api.hubmapconsortium.org/entities/293d9f9a1a076c616ed91d7251ec831c,Respiratory System,,
15875,https://entity.api.hubmapconsortium.org/entities/2a590db3d7ab1e1512816b165d95cdcf,Kidney,,
15919,https://entity.api.hubmapconsortium.org/entities/2bd350c08997ecfec9c22f453cf4e6af,Kidney,,
16072,https://entity.api.hubmapconsortium.org/entities/2c84a86ab51ec3a1168d8ba573d32c0a,Kidney,,
16112,https://entity.api.hubmapconsortium.org/entities/2d2356cf5b4eb114d958c31346c3dd2f,Kidney,,
16153,https://entity.api.hubmapconsortium.org/entities/2d3dbd5e5a3d9d5cfc7a46f06815a4eb,Heart,,
16210,https://entity.api.hubmapconsortium.org/entities/2d8b8b5f4cf8b1f955b1b823ae9a9441,Kidney,,
16248,https://entity.api.hubmapconsortium.org/entities/2dac500177620d78ca174c2c1d36a6c8,Respiratory System,,
16362,https://entity.api.hubmapconsortium.org/entities/2e4ae8b2f845f62e77cea46ef074981c,Kidney,,
16404,https://entity.api.hubmapconsortium.org/entities/2ee93cd3a39b317d58d3f308281a943e,Kidney,,
16445,https://entity.api.hubmapconsortium.org/entities/30a94db595b402bd813b020b0c51e233,Kidney,,
16490,https://entity.api.hubmapconsortium.org/entities/3152ddcb811d362113ebb119602f2cd4,Respiratory System,,
16626,https://entity.api.hubmapconsortium.org/entities/35234b5e3eda236bb80ef3722da366f7,Kidney,,
16666,https://entity.api.hubmapconsortium.org/entities/35f5b75a7e3d0711f16b0a10219586fb,Kidney,,
16725,https://entity.api.hubmapconsortium.org/entities/377df3da484d29fdde20ec020a76ba1b,Ureter,,
16751,https://entity.api.hubmapconsortium.org/entities/37988db44acc8d0780e4e31cd057e789,Kidney,,
16785,https://entity.api.hubmapconsortium.org/entities/37ccf28cb5c06e8ba076f587ee4e50be,Respiratory System,,
17035,https://entity.api.hubmapconsortium.org/entities/39e55aa4b6953651230feff506c00fec,Kidney,,
17075,https://entity.api.hubmapconsortium.org/entities/3bb5f743b039cb620d7ef234e0876f7a,Kidney,,
17112,https://entity.api.hubmapconsortium.org/entities/3c1b10bc912c60c9afc36b7423695236,Kidney,,
17485,https://entity.api.hubmapconsortium.org/entities/3febd011f193673c6f87a60718dd8f96,Respiratory System,,
17602,https://entity.api.hubmapconsortium.org/entities/42ab155ddff1d33fe1c505c067828614,Kidney,,
17630,https://entity.api.hubmapconsortium.org/entities/4348d5cf6485b949381a1c3358ab3f23,Kidney,,
17676,https://entity.api.hubmapconsortium.org/entities/4369a119a9c06ea304003a5c3cb3a2e0,Respiratory System,,
17794,https://entity.api.hubmapconsortium.org/entities/44830922b634a9ecd4812b4f27ad4923,Kidney,,
17838,https://entity.api.hubmapconsortium.org/entities/450581eb06aeeb66419b4007d5e86baa,Kidney,,
18000,https://entity.api.hubmapconsortium.org/entities/4734034ae3026f586bab5269085ba0e6,Kidney,,
18214,https://entity.api.hubmapconsortium.org/entities/4b16c24a3997ea8754921b0f1d60bc4d,Respiratory System,,
18335,https://entity.api.hubmapconsortium.org/entities/4c435d2297941eafda7fe30f327f88ec,Heart,,
18384,https://entity.api.hubmapconsortium.org/entities/4e372aa4f8cfce62f2663c5ef810409a,Kidney,,
18611,https://entity.api.hubmapconsortium.org/entities/5137facf6f24b87d325b886ec8e5fb1f,Kidney,,
18655,https://entity.api.hubmapconsortium.org/entities/51bc718e411810044e4258dae80ff044,Kidney,,
18690,https://entity.api.hubmapconsortium.org/entities/52ec5e111357f8fdd4ab2a3c5790cf4e,Kidney,,
18727,https://entity.api.hubmapconsortium.org/entities/53fe8a84564b313d4e8ee90f337129dc,Respiratory System,,
18831,https://entity.api.hubmapconsortium.org/entities/56742ee7dcbe8b03d964f519009db12d,Kidney,,
18888,https://entity.api.hubmapconsortium.org/entities/58167d0f778284d5b95af782bd8132da,Respiratory System,,
19000,https://entity.api.hubmapconsortium.org/entities/5908774e08f8a32737cdfe70e868a944,Kidney,,
19066,https://entity.api.hubmapconsortium.org/entities/5a5ca03fa623602d9a859224aa40ace4,Kidney,,
19101,https://entity.api.hubmapconsortium.org/entities/5a6470730104461ebb4358a11f70bd56,Kidney,,
19193,https://entity.api.hubmapconsortium.org/entities/5c57b3574a103e4990c8ed54cd82c6e6,Kidney,,
19236,https://entity.api.hubmapconsortium.org/entities/5d111a1db2f18d507d23e79b993e1e4a,Respiratory System,,
19725,https://entity.api.hubmapconsortium.org/entities/5ee240959c96b49d960702755478b9fc,Kidney,,
19757,https://entity.api.hubmapconsortium.org/entities/5f4e84e77fd0e4dec0c4d1cab468de15,Kidney,,
19851,https://entity.api.hubmapconsortium.org/entities/62efbe0a6abd0bcf53ab9ab29e7cd73f,Kidney,,
19878,https://entity.api.hubmapconsortium.org/entities/63349325056ccff582f1d095055c7e12,Kidney,,
19911,https://entity.api.hubmapconsortium.org/entities/634511b7c63c16cfb51dc867c65cfc91,Kidney,,
19951,https://entity.api.hubmapconsortium.org/entities/674116f3bb6c85dc933ea4ce6ffab05f,Kidney,,
20101,https://entity.api.hubmapconsortium.org/entities/67c6b239cf0986423273c874dd8c5e66,Kidney,,
20305,https://entity.api.hubmapconsortium.org/entities/69e35548d14ef026c46ddbab31f761da,Kidney,,
20348,https://entity.api.hubmapconsortium.org/entities/6b5d4d3a6af69a3bb82c4768cd24396c,Kidney,,
20383,https://entity.api.hubmapconsortium.org/entities/6c4582697caa32064baebc97cade18ef,Ureter,,
20420,https://entity.api.hubmapconsortium.org/entities/6cd63d0ee2c67c3be41e4be1522d9c07,Kidney,,
20489,https://entity.api.hubmapconsortium.org/entities/6e1db473492095ccc2f1393d7259b9c0,Ureter,,
20511,https://entity.api.hubmapconsortium.org/entities/6efd19dc32f820a0e6be6a34973359b6,Kidney,,
20677,https://entity.api.hubmapconsortium.org/entities/707d72d89097af2ff75d127137e5547e,Kidney,,
20816,https://entity.api.hubmapconsortium.org/entities/72fd0d8256cd9d9e9d0c75ed7b4431cc,Kidney,,
20885,https://entity.api.hubmapconsortium.org/entities/74e09cbb91aba06b48429651cb388940,Kidney,,
20973,https://entity.api.hubmapconsortium.org/entities/781a16848177ef6567d4963a0eb9fb0a,Kidney,,
21017,https://entity.api.hubmapconsortium.org/entities/78e90185d511ee0f6293e266a7354348,Kidney,,
21172,https://entity.api.hubmapconsortium.org/entities/79f087ae551dd72997f174646bb0d5e0,Respiratory System,,
21289,https://entity.api.hubmapconsortium.org/entities/7c8c57d0d7f39d680f30587cc2c91c64,Kidney,,
21333,https://entity.api.hubmapconsortium.org/entities/7d70a4deb9e2f0592f0c56e20ca91169,Heart,,
21620,https://entity.api.hubmapconsortium.org/entities/8306f9bdef96312bd36c18b45bd8e141,Kidney,,
21661,https://entity.api.hubmapconsortium.org/entities/8464b75a88e33b69027c39b0c3f43b2f,Kidney,,
21702,https://entity.api.hubmapconsortium.org/entities/84db9a72aba9ae0ef740192ad8747ee3,Respiratory System,,
21815,https://entity.api.hubmapconsortium.org/entities/85fa094cbdb29173e0a3463dce0790fc,Respiratory System,,
22060,https://entity.api.hubmapconsortium.org/entities/892b7cae1138be0b8181cca95b901628,Kidney,,
22104,https://entity.api.hubmapconsortium.org/entities/8adfc58a225049fb0884a8289d560534,Kidney,,
22403,https://entity.api.hubmapconsortium.org/entities/8d631eee88855ac59155edca2a3bc1ca,Ureter,,
22416,https://entity.api.hubmapconsortium.org/entities/8df15cb20f5e127d102a73d0ec5682a0,Respiratory System,,
22568,https://entity.api.hubmapconsortium.org/entities/911380980cd33eac5add7f72d86de146,Kidney,,
22681,https://entity.api.hubmapconsortium.org/entities/91cfb45f5d398e950ed65786c87f4372,Ureter,,
22707,https://entity.api.hubmapconsortium.org/entities/9305d53ae8c0dd565a088cd45f20e0c8,Respiratory System,,
22956,https://entity.api.hubmapconsortium.org/entities/9457860c1b69f7ec3e51a6b648eabf13,Kidney,,
23126,https://entity.api.hubmapconsortium.org/entities/949827f25f423d54663f09596351795d,Kidney,,
23170,https://entity.api.hubmapconsortium.org/entities/9543f0b5e921d865e57a9fe3e4e62f4e,Kidney,,
23230,https://entity.api.hubmapconsortium.org/entities/985b97a1645baa3d7dffd4c0e13adbb6,Kidney,,
23340,https://entity.api.hubmapconsortium.org/entities/9a7e6be288b27ddbd3366c4ae41bbcd2,Ureter,,
23368,https://entity.api.hubmapconsortium.org/entities/9aed52d22e30b893045fd1f79b3663fb,Respiratory System,,
23499,https://entity.api.hubmapconsortium.org/entities/9bc5d8fc743fd4dd610586ca720976f1,Kidney,,
23541,https://entity.api.hubmapconsortium.org/entities/9e91d1be412466551533cce5594450cb,Heart,,
23597,https://entity.api.hubmapconsortium.org/entities/9fe24e50c8b8b77d86900ee4beecef69,Kidney,,
23655,https://entity.api.hubmapconsortium.org/entities/a1d17fdd270a69c813b872a927dfa5f3,Kidney,,
23699,https://entity.api.hubmapconsortium.org/entities/a39f501df340b605a58dc492f51c05db,Kidney,,
23739,https://entity.api.hubmapconsortium.org/entities/a39fed027b51d97f83cec90c63c44744,Respiratory System,,
23863,https://entity.api.hubmapconsortium.org/entities/a48ab0bf5d8084da24859c4e64336e9c,Heart,,
24019,https://entity.api.hubmapconsortium.org/entities/a69367866979f878635b2b665a6a7e0c,Kidney,,
24112,https://entity.api.hubmapconsortium.org/entities/aa97a7c3e11e210bfa1629ee467bdcf6,Kidney,,
24182,https://entity.api.hubmapconsortium.org/entities/aaedb5272190e61bf557d3b0a1bc591f,Kidney,,
24203,https://entity.api.hubmapconsortium.org/entities/ad312fba7d484a57f4a9b0d05977b521,Kidney,,
24333,https://entity.api.hubmapconsortium.org/entities/ae69348842e9e11be18cb3af99db834e,Kidney,,
24399,https://entity.api.hubmapconsortium.org/entities/aeaaa0536b87935ad50cf69f1a0c3b1a,Kidney,,
24445,https://entity.api.hubmapconsortium.org/entities/aece0d5303d9ce959cdab34a9e9f3003,Kidney,,
24483,https://entity.api.hubmapconsortium.org/entities/af5741dad7aecf7960a129c3d2ae642a,Kidney,,
24518,https://entity.api.hubmapconsortium.org/entities/b05c21f9c94ce1a22a9694cd0fe0291e,Kidney,,
24547,https://entity.api.hubmapconsortium.org/entities/b07a1fb96ddc2d4119e1f9a73d9c0a6a,Kidney,,
24593,https://entity.api.hubmapconsortium.org/entities/b0c09583b2a1b3c82eddce71706dba4b,Kidney,,
24634,https://entity.api.hubmapconsortium.org/entities/b0f51c557f05bcff69c9eed090c93b79,Respiratory System,,
24870,https://entity.api.hubmapconsortium.org/entities/b1ac71625c1aba9d819fae1725c27a42,Heart,,
24975,https://entity.api.hubmapconsortium.org/entities/b340bb5715f967aa74d1b8eaeec0d475,Respiratory System,,
25081,https://entity.api.hubmapconsortium.org/entities/b3d66a3ef05dcca3984087b155c6e915,Kidney,,
25150,https://entity.api.hubmapconsortium.org/entities/b5ff6c347488c45deafeb6316dc7925b,Kidney,,
25308,https://entity.api.hubmapconsortium.org/entities/b95f34761c252ebbd1e482cd9afae73f,Kidney,,
25336,https://entity.api.hubmapconsortium.org/entities/b99fc30c4195958fbef217fa9ed9ec8f,Kidney,,
25491,https://entity.api.hubmapconsortium.org/entities/bba1f664447f3bf1bccb0b6ebf2f61ad,Kidney,,
25532,https://entity.api.hubmapconsortium.org/entities/bbcad31a55b1710dd5f889be8f63b62b,Kidney,,
25575,https://entity.api.hubmapconsortium.org/entities/bc26df5c01b624841a51e60cd8229c51,Kidney,,
25616,https://entity.api.hubmapconsortium.org/entities/bca0d1d7fcb2bdcde16a31d1484e83e5,Kidney,,
25662,https://entity.api.hubmapconsortium.org/entities/be103f95cc6c1a3e48f099d1bd149a49,Ureter,,
25731,https://entity.api.hubmapconsortium.org/entities/bf1896efe41bb1b17eee3bd77072454d,Kidney,,
25774,https://entity.api.hubmapconsortium.org/entities/c05a38c5210b870281b5aea01e290339,Kidney,,
25955,https://entity.api.hubmapconsortium.org/entities/c616de3ce57804ede2dd519a1c8addf2,Heart,,
26013,https://entity.api.hubmapconsortium.org/entities/c6bb00096b0cf40751f9d6003fb730c7,Heart,,
26069,https://entity.api.hubmapconsortium.org/entities/c7beda8afe491243d634e3fd0531489b,Kidney,,
26138,https://entity.api.hubmapconsortium.org/entities/ca35382d67c90d4d9bca1ee16526b1d3,Respiratory System,,
26383,https://entity.api.hubmapconsortium.org/entities/cdf9127efdfc96189845c35244d4d8ab,Kidney,,
26481,https://entity.api.hubmapconsortium.org/entities/d0c1bd09443c301413f44f7108d20e08,Respiratory System,,
26588,https://entity.api.hubmapconsortium.org/entities/d0f164331f53f745cfa3e67bf3feb22d,Heart,,
26643,https://entity.api.hubmapconsortium.org/entities/d171ff8d83f707ecca64ff159c7160a7,Respiratory System,,
26762,https://entity.api.hubmapconsortium.org/entities/d1e9f509063984326570cf603c5654f2,Kidney,,
26807,https://entity.api.hubmapconsortium.org/entities/d363e6062d4962bc7ef44d1d94afec62,Kidney,,
26848,https://entity.api.hubmapconsortium.org/entities/d482512016a61ef479960e2cb58552f2,Kidney,,
26890,https://entity.api.hubmapconsortium.org/entities/d655e506e3e07f345c65c3cc90d045e2,Kidney,,
26947,https://entity.api.hubmapconsortium.org/entities/d68e7b99290b6b7cca686b54955a2c22,Kidney,,
26988,https://entity.api.hubmapconsortium.org/entities/d6e6c8e452ed628425e9e928306a6db0,Heart,,
27043,https://entity.api.hubmapconsortium.org/entities/d87b2121ee1a5777c29a69307f806328,Kidney,,
27085,https://entity.api.hubmapconsortium.org/entities/d88c483eea56204fd3282c5f62f31f0d,Kidney,,
27127,https://entity.api.hubmapconsortium.org/entities/d8ec264c4660ef7053764f71ae1789d0,Respiratory System,,
27242,https://entity.api.hubmapconsortium.org/entities/dab09765ac710804749b195462381b32,Kidney,,
27287,https://entity.api.hubmapconsortium.org/entities/dbe24793ebc30c47e241150cccf4b0d1,Kidney,,
27332,https://entity.api.hubmapconsortium.org/entities/dc535e26fd17b8286a57d6dcd734c648,Kidney,,
27368,https://entity.api.hubmapconsortium.org/entities/dd648e4648238b25a7d1062669ea89af,Respiratory System,,
27479,https://entity.api.hubmapconsortium.org/entities/de78115cc476af9422f916ddfbccbfb6,Heart,,
27560,https://entity.api.hubmapconsortium.org/entities/e3d2be85088ae5073758e6609167407a,Kidney,,
27603,https://entity.api.hubmapconsortium.org/entities/e5f7a14d93659bd0b8dc2819ffa9bc4b,Ureter,,
27762,https://entity.api.hubmapconsortium.org/entities/e81c9c9753998b2ca69e8bceadf2409d,Respiratory System,,
27869,https://entity.api.hubmapconsortium.org/entities/e901621d0400c18d3d69decd46a82c84,Kidney,,
27912,https://entity.api.hubmapconsortium.org/entities/ea4cfecb8495b36694d9a951510dc3c6,Kidney,,
27982,https://entity.api.hubmapconsortium.org/entities/ed630484e46ea49b319c0e1f92140059,Respiratory System,,
28089,https://entity.api.hubmapconsortium.org/entities/ee6e44b3e6cb77ef1806e722390a01a8,Respiratory System,,
28201,https://entity.api.hubmapconsortium.org/entities/f0d9d828d7d1e61289d72e52fafafafa,Kidney,,
28244,https://entity.api.hubmapconsortium.org/entities/f220c9e7bcaea3a87162cbe61287ea4d,Ureter,,
28391,https://entity.api.hubmapconsortium.org/entities/f3a05f31c6ea4e2315bc66ff468a5a0a,Kidney,,
28454,https://entity.api.hubmapconsortium.org/entities/f4b3c0e24e09e1e8c16f2e4e190a8cbb,Kidney,,
28495,https://entity.api.hubmapconsortium.org/entities/f7a8e78dea9cf70735059e8b4a179701,Respiratory System,,
28762,https://entity.api.hubmapconsortium.org/entities/f88e96675a3215474570083edad66e0c,Kidney,,
28801,https://entity.api.hubmapconsortium.org/entities/f9848244883f6c70972acef16680431a,Respiratory System,,
28959,https://entity.api.hubmapconsortium.org/entities/faa1acc13943ee9d365b6cc6a3ea889f,Respiratory System,,
29062,https://entity.api.hubmapconsortium.org/entities/fae9a1f2e7abefca2203765a3c7a5ba1,Kidney,,
29105,https://entity.api.hubmapconsortium.org/entities/fb94e862fe33f171de6e07d2d207d0de,Kidney,,
29126,https://entity.api.hubmapconsortium.org/entities/fbb43e7c05d88c8700af94a32cb4e21d,Kidney,,
29170,https://entity.api.hubmapconsortium.org/entities/fcd7a8d45be34fdccb8fa400ea81a331,Kidney,,
29213,https://entity.api.hubmapconsortium.org/entities/fd57a928d9f3cee7e95d284f1d5b9935,Heart,,
29270,https://entity.api.hubmapconsortium.org/entities/fdfa344add5dcf9e8e0f6572efbf9312,Kidney,,
29314,https://entity.api.hubmapconsortium.org/entities/fe0ded5fc0355c95239f9c040dd31e99,Kidney,,
29334,https://entity.api.hubmapconsortium.org/entities/feea9accbe57b7a052563895ac543d91,Kidney,,
1,,,11.311072,4.318343
2,,,11.455267,4.265742
3,,,10.861884,3.8901381
4,,,11.67037,4.0778995
5,,,11.477072,4.185817
6,,,10.923355,4.1567583
7,,,11.545719,4.2355075
8,,,11.514056,4.0712185
9,,,12.018538,6.1107526
10,,,11.580597,6.287275
11,,,11.913575,6.2395296
12,,,12.881064,6.4602847
13,,,12.140302,5.4668937
14,,,12.045183,5.573874
15,,,12.095752,5.551079
16,,,12.495647,5.516896
17,,,12.461229,5.5559626
18,,,12.782668,6.0190387
19,,,12.52272,6.206651
20,,,12.385758,6.4087596
21,,,12.039973,6.1928973
22,,,11.785421,6.277035
23,,,13.8837185,5.8212476
24,,,13.188696,6.5850563
25,,,12.312125,6.9053264
26,,,12.23137,6.28412
27,,,11.813028,6.409019
28,,,12.165792,6.0488973
29,,,12.745134,6.5724406
30,,,13.312094,5.8741264
31,,,11.942787,6.165205
32,,,11.856465,6.416647
33,,,12.420756,6.1565123
34,,,12.163145,6.359631
35,,,12.996352,6.7454863
36,,,13.31029,6.4064183
37,,,11.929956,6.205565
38,,,12.049167,6.103279
39,,,11.758067,6.5429077
40,,,12.518967,6.240888
41,,,12.912367,6.5863113
42,,,13.390633,5.977042
43,,,12.137741,5.3555713
44,,,12.226577,5.3478336
45,,,12.188298,5.4285007
46,,,12.176447,5.3030205
47,,,12.733061,5.6790495
48,,,12.604662,5.5902295
49,,,12.674415,5.7013865
50,,,12.650013,5.731434
51,,,12.577571,5.612812
52,,,12.691235,5.5950685
53,,,12.861151,5.9860764
54,,,13.066572,5.7552853
55,,,12.678772,7.36601
56,,,12.488409,7.534249
57,,,12.478668,7.1413746
58,,,12.606359,7.693384
59,,,12.754184,6.949072
60,,,12.712152,6.8117743
61,,,12.284753,7.6500053
62,,,12.219036,7.5189304
63,,,12.037692,7.4279337
64,,,12.331599,7.6567135
65,,,13.197759,6.8747606
66,,,12.837027,6.688858
67,,,12.337681,7.384732
68,,,12.479829,7.4375944
69,,,12.289975,7.321576
70,,,11.865512,6.9184084
71,,,12.901364,7.0926557
72,,,13.252319,6.752031
73,,,12.071304,7.422013
74,,,12.167361,7.540635
75,,,11.7477665,6.7068563
76,,,11.972095,7.237861
77,,,13.025264,6.993796
78,,,13.184618,7.0069857
79,,,12.119598,7.3918233
80,,,12.079595,7.171678
81,,,12.477394,7.4493227
82,,,12.19339,7.0460744
83,,,13.065796,7.0465574
84,,,13.098956,6.2776318
85,,,12.694502,7.396213
86,,,12.4189825,7.566076
87,,,12.1454935,6.9291835
88,,,12.419971,7.5831428
89,,,12.869397,6.7814627
90,,,13.195536,6.8784575
91,,,12.236082,5.897166
92,,,11.600234,4.6015244
93,,,11.755936,4.3843465
94,,,12.548774,5.677745
95,,,11.359486,4.853395
96,,,12.02848,5.748655
98,,,-6.0511036,-0.0060456386
99,,,13.469213,5.152173
100,,,-7.3347306,1.5269845
101,,,-9.716948,1.8324906
102,,,-5.8964224,0.9329711
103,,,-7.971771,1.49709
104,,,-7.3547525,1.5516282
105,,,-8.7245865,1.386062
106,,,-9.193199,3.2685254
107,,,-8.895607,0.38036057
108,,,11.031697,4.0507135
109,,,-9.372697,1.9594434
110,,,-7.097208,1.4316325
111,,,-7.799298,3.4221437
112,,,-7.2589555,1.4293996
113,,,-8.946957,3.4391587
114,,,-8.230908,2.9553506
115,,,-8.138485,2.0630696
116,,,-9.213569,3.175619
117,,,-8.505877,0.9754805
118,,,-9.03098,3.980389
119,,,-8.238309,0.6651331
120,,,-5.9577136,-0.057790004
121,,,11.188083,3.773058
122,,,-9.971256,2.0696037
123,,,11.496955,5.1976757
124,,,14.045202,5.61034
125,,,-9.067669,-0.5509919
126,,,13.993977,5.5443416
127,,,-7.7896523,3.6722136
128,,,-8.773741,3.3344018
129,,,-9.813624,2.2191749
130,,,-7.804282,3.733187
131,,,13.488309,5.3851967
132,,,-7.740389,3.2550778
133,,,13.275484,5.2634697
134,,,13.219699,5.06069
135,,,10.988529,3.9553201
136,,,-8.382407,1.0979314
137,,,-7.213998,-0.3220265
138,,,-9.035718,4.216203
139,,,14.089249,5.5487766
140,,,-9.138572,-0.6630045
141,,,11.430604,4.79498
142,,,-7.930561,3.7056699
143,,,-9.181171,-0.703788
144,,,-9.477554,4.743266
145,,,-9.434773,4.722373
146,,,-8.169487,0.4460014
147,,,13.48596,5.207879
148,,,-9.002573,-0.4845875
149,,,13.134245,5.2086043
150,,,-8.742972,0.47891444
151,,,11.388597,4.6965356
152,,,-6.4081573,0.13613273
153,,,-8.797197,0.15621491
154,,,-5.9109044,0.92265046
155,,,11.306413,4.146717
156,,,-8.613473,3.6100576
157,,,13.231626,5.021436
158,,,-9.17716,1.5341876
159,,,-9.212989,4.368274
160,,,14.057516,5.5765085
161,,,-6.885487,0.38904914
162,,,-6.074134,-0.058544032
163,,,-9.885566,1.6936504
164,,,-6.989513,0.37386155
165,,,11.496935,3.8172798
166,,,-9.185991,4.4144354
167,,,-7.0733323,0.4561751
168,,,-9.615666,3.877351
169,,,13.222968,5.051557
170,,,11.191377,4.115946
171,,,-8.516872,3.6235125
172,,,-9.825003,3.7617176
173,,,-5.923737,0.9257333
174,,,-8.942245,3.3551674
175,,,11.273111,4.7934895
176,,,-7.7772565,1.8591514
177,,,-6.156201,-0.15848766
178,,,-9.837652,1.7603117
179,,,-7.83753,1.7328998
180,,,11.1502495,3.6256752
181,,,-8.407514,0.68659365
182,,,-9.518765,2.260773
183,,,13.113633,5.30788
184,,,-9.158622,-0.68088746
185,,,-6.0129724,-0.032256465
186,,,-6.21007,-0.002020525
187,,,-8.147851,3.0500479
188,,,-8.379655,3.9307675
189,,,-6.940534,0.18121518
190,,,-6.987208,0.3429344
191,,,11.536575,3.829581
192,,,-8.57338,3.757381
194,,,-9.868143,1.8820118
195,,,-9.5903845,1.6223948
196,,,11.592018,5.4968834
197,,,-9.041435,4.06389
198,,,-9.736745,3.625707
199,,,-7.341217,0.002063412
200,,,-6.2671137,0.022283511
201,,,-8.056908,2.1324058
202,,,10.939529,3.782873
203,,,-7.500802,0.056721315
204,,,-7.0625625,1.1982055
205,,,-8.907587,1.0380487
206,,,-9.454742,1.9633911
207,,,-8.966507,2.7453568
208,,,-9.28914,4.558123
209,,,-5.954512,-0.042435873
210,,,-7.0648804,-0.56747466
211,,,-8.629603,0.3092364
212,,,-8.185195,3.0630333
213,,,-9.882163,2.0611517
214,,,-7.701303,0.06133487
215,,,-8.483712,3.5213542
216,,,-9.115081,2.4618928
217,,,-8.924947,3.4630718
218,,,-8.386383,3.2784433
219,,,-9.134757,4.32187
220,,,-8.9581175,0.87437886
221,,,-7.765257,2.0086787
222,,,-9.242626,-0.77044743
223,,,-8.922808,2.7531538
224,,,-7.7775636,3.2712843
225,,,-5.894021,0.050075296
226,,,-6.2223206,-0.04105843
227,,,-7.0548983,1.2112854
228,,,11.249073,3.718183
229,,,-8.666784,3.7829404
230,,,-7.2314944,1.4609638
231,,,-7.0286393,0.2590635
232,,,14.13058,5.653635
233,,,-8.598245,3.532812
234,,,-8.19539,1.3909122
235,,,-8.6917095,3.9287984
237,,,-7.0368924,-0.578034
238,,,11.098904,4.723086
239,,,-9.46633,1.7588015
240,,,11.008362,4.8733997
241,,,-7.7935286,1.795953
242,,,-7.450831,0.13725138
243,,,-9.096257,-0.58130205
244,,,13.33936,5.054592
245,,,-8.700358,1.6919653
246,,,-8.885227,3.3661115
247,,,-9.676676,2.396319
248,,,11.281671,4.675455
249,,,-6.8274665,-0.22343363
250,,,-9.805133,1.7489011
251,,,-9.852138,1.6992781
252,,,11.12484,3.6203916
253,,,-8.547358,1.2863553
254,,,-8.521602,1.3897765
255,,,-8.201786,3.0803227
256,,,-8.366357,3.9021182
257,,,-9.437164,4.7296696
258,,,-9.441773,1.964883
259,,,11.079667,3.9849586
260,,,-8.896656,0.9721443
261,,,-9.378716,4.641784
262,,,13.429173,5.266097
263,,,-8.95268,2.8108358
264,,,-8.369547,3.2713602
265,,,-8.4931,0.16168913
266,,,-9.516532,4.720857
267,,,11.219045,4.9181743
268,,,12.007725,5.776627
269,,,-8.379697,1.1159028
270,,,-8.4913225,3.871893
271,,,-8.719351,1.354051
272,,,-8.910571,1.124181
273,,,-5.9542108,0.86346185
274,,,-9.415593,4.0888753
275,,,-8.523642,1.6028416
276,,,-9.283267,4.561126
277,,,-9.716235,2.323749
278,,,-8.809845,-0.20244253
279,,,-7.188652,1.4800668
280,,,-8.409679,0.5076806
281,,,-8.690098,3.1325083
282,,,-9.299798,4.104465
283,,,-5.8803005,0.9713256
284,,,-7.093959,-0.5079026
285,,,11.131251,4.8009667
287,,,-9.240677,4.1070337
288,,,10.998072,4.065414
289,,,-8.47268,0.22822146
290,,,-7.1181097,-0.49231187
291,,,-7.7110634,3.715022
292,,,-9.350884,2.1365592
293,,,-8.842398,3.184113
294,,,-8.723672,0.09170411
295,,,-8.684566,0.97176796
296,,,-9.105591,-0.59920585
297,,,-7.239081,1.4559617
298,,,-9.9501705,2.116447
299,,,-8.610721,0.29179412
300,,,-8.498617,0.8245371
301,,,-9.044459,1.6174946
302,,,-8.980708,0.38512582
303,,,13.549508,5.4053664
304,,,13.684813,5.201908
305,,,-7.662388,3.6804192
306,,,-6.1843615,0.12252937
307,,,-9.263444,3.0183313
308,,,11.09086,4.8177857
309,,,-8.41252,1.4694774
310,,,-8.387361,3.4703386
311,,,-8.690452,0.31826824
312,,,10.787058,3.7612143
313,,,11.938637,5.7255597
314,,,11.440758,5.1321487
315,,,-8.201847,0.35575876
316,,,-8.13782,1.3282818
317,,,-8.683592,0.16110069
318,,,-9.743285,3.6564422
319,,,-8.518327,0.20870034
320,,,-8.859091,-0.24032377
321,,,13.290525,5.170786
322,,,-8.577691,1.2510687
323,,,-6.3589153,0.03570243
324,,,11.04257,4.887808
325,,,-5.9048314,0.9205439
326,,,-8.782801,1.3388951
327,,,-9.89918,3.4936135
328,,,-7.7794733,3.327748
329,,,-8.82115,1.6634247
331,,,-9.819683,3.7113678
332,,,14.010709,5.648436
333,,,-8.898746,2.7532072
334,,,-6.8912406,0.15622641
335,,,-7.818835,1.8413099
336,,,-9.811206,2.1990442
337,,,-9.872294,3.4479396
338,,,-8.416164,1.5306904
339,,,10.993838,3.7767153
340,,,-7.132794,-0.38563496
341,,,-7.054475,-0.56952596
342,,,-8.59214,1.0375663
343,,,-9.7175255,3.6100512
344,,,11.036791,3.687351
345,,,11.598984,5.5171447
346,,,-8.095588,2.0299752
347,,,-9.84222,1.9317348
348,,,-9.038921,1.2441214
349,,,-8.868891,-0.22008982
350,,,11.052688,4.936546
351,,,-9.470516,4.7317276
352,,,11.086276,3.7204423
353,,,11.266399,4.174806
354,,,-9.910536,3.5632288
355,,,-9.358466,4.0961742
356,,,-7.6922174,0.05974258
357,,,-8.921439,3.4333181
358,,,-7.8438497,1.9257133
359,,,-8.487743,3.5145519
360,,,13.564382,5.303081
361,,,-7.791193,1.7583952
362,,,-9.142965,3.2110152
363,,,-8.617723,3.640925
364,,,-8.960514,-0.16093315
